Level,Emoji,Phrase,Meaning
N1,ğŸ¯,aete (æ•¢ãˆã¦ï¼ˆã‚ãˆã¦ï¼‰),dare to; daringly; deliberately; purposely ~
N1,â€¼ï¸,akumade mo (ã‚ãã¾ã§ã‚‚),to the end; persistently; absolutely; is still very ~
N1,1ï¸âƒ£,an no jou (æ¡ˆã®å®šï¼ˆã‚ã‚“ã®ã˜ã‚‡ã†ï¼‰),just as one thought; as usual; sure enough
N1,â®ï¸,arakajime (ã‚ã‚‰ã‹ã˜ã‚),beforehand; in advance; previouslyâ€‹
N1,â¡ï¸,atte no (ã‚ã£ã¦ã®),which can exist solely due to the presence of; which owes everything to
N1,ğŸ’¡,ba koso (ã°ã“ã),only because ~
N1,â“,ba sore made da / tara sore made da (ã°ãã‚Œã¾ã§ã  / ãŸã‚‰ãã‚Œã¾ã§ã ),ifâ€¦ then itâ€™s over
N1,â€¼ï¸,bekarazu / bekarazaru (ã¹ã‹ã‚‰ãš / ã¹ã‹ã‚‰ã–ã‚‹),must not; should not; do not ~
N1,ğŸ¯,beku (ã¹ã),in order to; for the purpose of ~
N1,ğŸ’ª,beku mo nai (ã¹ãã‚‚ãªã„),cannot possibly be ~
N1,â¡ï¸,beku shite (ã¹ãã—ã¦),as it is bound to (happen); following the natural course
N1,ğŸ‘€,biru / bite / bita (ã³ã‚‹ / ã³ã¦ / ã³ãŸ),to seem to be; to appear; to behave as ~
N1,ğŸ›¤ï¸,buri / ppuri (ã¶ã‚Š / ã£ã·ã‚Š),style; manner; wayâ€‹
N1,ğŸ¤·,buru / butte / butta (ã¶ã‚‹ / ã¶ã£ã¦ / ã¶ã£ãŸ),assuming the air of; behaving like; to pretend / act like ~
N1,âŒ,dani / dani shinai (ã ã« / ã ã«ã—ãªã„),even; not even ~
N1,ğŸ“Œ,dano~dano (ã ã®ï½ã ã®),and; and the like; and so forth ~
N1,ğŸ“Œ,darou ni (ã ã‚ã†ã«),(1) surely...; but ~; although... is likely; ~ (2) should have (regret); might / must have been ~
N1,âš ï¸,de are / de arou to (ã§ã‚ã‚Œ / ã§ã‚ã‚ã†ã¨),whoever; whatever; however; even ~
N1,ğŸ¤”,de are~de are (ã§ã‚ã‚Œï½ã§ã‚ã‚Œ),whether [A] or [B]
N1,â¡ï¸,demo ari~demo aru (ã§ã‚‚ã‚ã‚Šï½ã§ã‚‚ã‚ã‚‹),to also be; bothâ€¦ and ~
N1,ğŸ“Œ,demo nan demo nai / kumo nan tomo nai (ã§ã‚‚ä½•ã§ã‚‚ãªã„ / ãã‚‚ä½•ã¨ã‚‚ãªã„ï¼ˆã§ã‚‚ãªã‚“ã§ã‚‚ãªã„ / ãã‚‚ãªã‚“ã¨ã‚‚ãªã„ï¼‰),not in the least; nothing like that
N1,âœ”ï¸,denakute nan darou (ã§ãªãã¦ãªã‚“ã ã‚ã†),must be; is definitely ~
N1,â“,dewa arumai ka (ã§ã¯ã‚ã‚‹ã¾ã„ã‹),isn't it; I wonder if itâ€™s not ~
N1,â“,dewa arumai shi (ã§ã¯ã‚ã‚‹ã¾ã„ã—),itâ€™s not like; it isnâ€™t as if ~
N1,âš–ï¸,dewa sumanai (ã§ã¯æ¸ˆã¾ãªã„ï¼ˆã§ã¯ã™ã¾ãªã„ï¼‰),it doesnâ€™t end with just ~; it will take more than ~
N1,ğŸ’ª,dou nimo~nai (ã©ã†ã«ã‚‚ï½ãªã„),not â€¦ by any means; no matter how hard one tries; cannot ~
N1,âš¡,ga hayai ka (ãŒæ—©ã„ã‹ï¼ˆãŒã¯ã‚„ã„ã‹ï¼‰),no sooner than; as soon as ~
N1,ğŸ“Œ,ga/mo~nara; ~mo~da (ãŒ/ã‚‚ï½ãªã‚‰ã€ï½ã‚‚ï½ã ),negative connection/comparison (like father like son)
N1,ğŸ“Œ,gamashii (ãŒã¾ã—ã„),look like; sound like; approximate; similar to; somewhat like ~
N1,â±ï¸,gatera (ãŒã¦ã‚‰),while; on the same occasion; at the same time; coincidentally ~
N1,â“,gotoki / gotoku / gotoshi (ã”ã¨ã / ã”ã¨ã / ã”ã¨ã—),like; as if; the same as ~
N1,â¡ï¸,gurumi (ãã‚‹ã¿),together (with); -wide
N1,ğŸ”š,hame ni naru (ç¾½ç›®ã«ãªã‚‹ï¼ˆã¯ã‚ã«ãªã‚‹ï¼‰),to get stuck with; to end up with (something unpleasant)
N1,âœ…,hodo no koto dewa nai (ã»ã©ã®ã“ã¨ã§ã¯ãªã„),it's not worth; no need to ~
N1,âš–ï¸,hou ga mashi da (ã»ã†ãŒã¾ã—ã ),better than; would rather ~
N1,â¡ï¸,houdai (æ”¾é¡Œï¼ˆã»ã†ã ã„ï¼‰),doing as one pleases; to one's heart's content; leaving uncontrolled
N1,ğŸ¤”,ikan da / ikan dewa / ikan ni yotte wa (ã„ã‹ã‚“ã  / ã„ã‹ã‚“ã§ã¯ / ã„ã‹ã‚“ã«ã‚ˆã£ã¦ã¯),in accordance with; depending on; whether or not ~
N1,ğŸ¤”,ikan ni kakawarazu / ikan ni yorazu / ikan o towazu (ã„ã‹ã‚“ã«ã‹ã‹ã‚ã‚‰ãš / ã„ã‹ã‚“ã«ã‚ˆã‚‰ãš / ã„ã‹ã‚“ã‚’ã¨ã‚ãš),regardless of; whether or not; doesn't matter whether ~
N1,â€¼ï¸,ikanaru (ã„ã‹ãªã‚‹),any kind of; every; whatsoever; whatever
N1,ğŸ“,ikani (ã„ã‹ã«),how; in what way; how much; to what extent
N1,ğŸ“Œ,ikani mo (ã„ã‹ã«ã‚‚),indeed; really; truly; just (like); very; extremely ~
N1,ğŸ“¥,izure ni shitemo / izure ni shiro / izure ni seyo (ã„ãšã‚Œã«ã—ã¦ã‚‚ / ã„ãšã‚Œã«ã—ã‚ / ã„ãšã‚Œã«ã›ã‚ˆ),anyhow; anyway; either way; in any case ~
N1,ğŸ“Œ,jimita (ã˜ã¿ãŸ),to become; to appear like; to look like; tainted with ~
N1,ğŸ¤”,ka ina ka (ã‹å¦ã‹ï¼ˆã‹ã„ãªã‹ï¼‰),whether or not ~
N1,âš ï¸,ka to omoikiya (ã‹ã¨æ€ã„ãã‚„ï¼ˆã‹ã¨ãŠã‚‚ã„ãã‚„ï¼‰),contrary to expectations; or so we thought; but ~
N1,ğŸ’—,kagiri da (é™ã‚Šã ï¼ˆã‹ãã‚Šã ï¼‰),to feel strongly
N1,ğŸ”€,kai mo naku (ç”²æ–ã‚‚ãªãï¼ˆã‹ã„ã‚‚ãªãï¼‰),despite; even though ~
N1,ğŸ¤”,kanousei ga aru (å¯èƒ½æ€§ãŒã‚ã‚‹ï¼ˆã‹ã®ã†ã›ã„ãŒã‚ã‚‹ï¼‰),may/might; thereâ€™s a possibility that ~
N1,ğŸ“,kara aru / kara suru / kara no (ã‹ã‚‰ã‚ã‚‹ / ã‹ã‚‰ã™ã‚‹ / ã‹ã‚‰ã®),at least; as much as; as many as ~
N1,â•,kare~kare (ã‹ã‚Œï½ã‹ã‚Œ),sooner or later; more or less
N1,â±ï¸,katagata (ã‹ãŸãŒãŸ),while; at the same time; incidentally; for the purpose of ~
N1,â±ï¸,katawara (ã‹ãŸã‚ã‚‰),while; besides; at the same time; in addition
N1,â®ï¸,katsute (ã‹ã¤ã¦),once; before; formerly; ever; former; ex-
N1,ğŸ”š,kirai ga aru (å«Œã„ãŒã‚ã‚‹ï¼ˆãã‚‰ã„ãŒã‚ã‚‹ï¼‰),bad habit; to have a tendency to ~
N1,â“,kiri ga nai (åˆ‡ã‚ŠãŒãªã„ï¼ˆãã‚ŠãŒãªã„ï¼‰),endless; boundless; going on foreverâ€‹; thereâ€™s no end to ~
N1,ğŸ†,kitte no (ãã£ã¦ã®),the most / greatest â€¦ of all
N1,â€¼ï¸,kiwamaru / kiwamarinai (æ¥µã¾ã‚‹ / æ¥µã¾ã‚Šãªã„ï¼ˆãã‚ã¾ã‚‹ / ãã‚ã¾ã‚Šãªã„ï¼‰),extremely; very ~
N1,ğŸ”€,koso are (ã“ãã‚ã‚Œ),although; even though ~
N1,âš ï¸,koso sure (ã“ãã™ã‚Œ),and; although; but ~
N1,âš ï¸,koso~ga/keredo (ã“ãã€Œï½ãŒãƒ»ã‘ã‚Œã©ã€),but; although (emphasis)
N1,ğŸ‘Œ,koto gotoku (ã“ã¨ã”ã¨ã),altogether; entirely; completely ~
N1,âš–ï¸,koto kono ue nai / kono ue nai / kono ue naku (ã“ã¨ã“ã®ä¸Šãªã„ / ã“ã®ä¸Šãªã„ / ã“ã®ä¸Šãªãï¼ˆã“ã¨ã“ã®ã†ãˆãªã„ / ã“ã®ã†ãˆãªã„ / ã“ã®ã†ãˆãªãï¼‰),the most of all; the best; nothing is more ... than ~
N1,ğŸ’¡,koto mo atte (ã“ã¨ã‚‚ã‚ã£ã¦),partly because; also because of; plus the reason for ~
N1,â¡ï¸,koto nashi ni (ã“ã¨ãªã—ã«),without doing something
N1,âŒ,koto no nai you ni (ã“ã¨ã®ãªã„ã‚ˆã†ã«),so as not to; to not ~
N1,ğŸ“…,koto tote (ã“ã¨ã¨ã¦),because; since ~
N1,âš–ï¸,kurai nara (ãã‚‰ã„ãªã‚‰),rather than (do ...)â€‹
N1,â—,kurai no mono da (ãã‚‰ã„ã®ã‚‚ã®ã ),only (emphasis)
N1,1ï¸âƒ£,made da / made no koto da (ã¾ã§ã  / ã¾ã§ã®ã“ã¨ã ),only; just; nothing else
N1,âœ…,made mo nai / made mo naku (ã¾ã§ã‚‚ãªã„ / ã¾ã§ã‚‚ãªã),there's no need to; itâ€™s not necessary to ~
N1,â€¼ï¸,majiki (ã¾ã˜ã),should not; must not ~
N1,ğŸ”,makuru (ã¾ãã‚‹),to do over and over again; to do relentlessly
N1,ğŸ“¥,mamire (ã¾ã¿ã‚Œ),covered with; stained; smeared with ~
N1,ğŸ’¯,marukkiri (ã¾ã‚‹ã£ãã‚Š),completely; absolutely; totally; (not) at allâ€‹ ~
N1,ğŸ‘€,meku (ã‚ã),seems; show signs of; to have the appearance of ~
N1,ğŸ“Œ,mo douzen da (ã‚‚åŒç„¶ã ï¼ˆã‚‚ã©ã†ãœã‚“ã ï¼‰),just like; same as ~
N1,âš ï¸,mo saru koto nagara (ã‚‚ã•ã‚‹ã“ã¨ãªãŒã‚‰),one may well say so; but~; not only... but also ~
N1,ğŸ“¥,mo shinai de (ã‚‚ã—ãªã„ã§),without even doing ~
N1,â•,mohaya (ã‚‚ã¯ã‚„),already; now; no longer; not anymore
N1,ğŸ’¡,mono de (ã‚‚ã®ã§),because; for that reason
N1,â“,mono o (ã‚‚ã®ã‚’),if only; I wish; I'm sorry it's not actually (regret)
N1,ğŸ¤·,mono to omowareru / mono to mirareru (ã‚‚ã®ã¨æ€ã‚ã‚Œã‚‹ / ã‚‚ã®ã¨è¦‹ã‚‰ã‚Œã‚‹ï¼ˆã‚‚ã®ã¨ãŠã‚‚ã‚ã‚Œã‚‹ / ã‚‚ã®ã¨ã¿ã‚‰ã‚Œã‚‹ï¼‰),to think; to suppose; it is believed/expected that ~
N1,â•,mono to suru (ã‚‚ã®ã¨ã™ã‚‹),shall; to assume; understood as ~
N1,ğŸ¤·,mono toshite (ã‚‚ã®ã¨ã—ã¦),to assume; to suppose; on the presumption that ~
N1,ğŸ”€,moshikuwa (ã‚‚ã—ãã¯),or; otherwise
N1,â“,n bakari ni (ã‚“ã°ã‹ã‚Šã«),as if; as though ~
N1,ğŸ¯,n ga tame ni (ã‚“ãŒãŸã‚ã«),in order to ~
N1,â±ï¸,nagara ni / nagara no (ãªãŒã‚‰ã« / ãªãŒã‚‰ã®),while; during; without change; performed in this condition
N1,ğŸ”€,nai made mo (ãªã„ã¾ã§ã‚‚),not to say; although it does not reach the level of ~
N1,ğŸ²,nai mono demo nai (ãªã„ã‚‚ã®ã§ã‚‚ãªã„),is not entirely impossible
N1,ğŸ’ª,nai mono ka / nai mono darou ka (ãªã„ã‚‚ã®ã‹ / ãªã„ã‚‚ã®ã ã‚ã†ã‹),isn't there; canâ€™t weâ€¦?; canâ€™t Iâ€¦?
N1,ğŸ’ª,nai tomo kagiranai (ãªã„ã¨ã‚‚é™ã‚‰ãªã„ï¼ˆãªã„ã¨ã‚‚ã‹ãã‚‰ãªã„ï¼‰),not necessarily; I can't say that; maybe; might ~
N1,ğŸ’ª,nakushite wa (ãªãã—ã¦ã¯),cannot do without ~
N1,â¡ï¸,nami (ä¸¦ã¿ï¼ˆãªã¿ï¼‰),average; ordinary; same level as; equal to; on par with ~
N1,â“,nan to iu / nanto / nante (ãªã‚“ã¨ã„ã† / ãªã‚“ã¨ / ãªã‚“ã¦),how (beautiful; etc.); what a ~
N1,â­ï¸,nani shiro (ä½•ã—ã‚ï¼ˆãªã«ã—ã‚ï¼‰),at any rate; after all; anyhow; anyway; in any case; because; as you know ~
N1,â¡ï¸,nara dewa (ãªã‚‰ã§ã¯),distinctive of; uniquely applying to; special to ~
N1,âš ï¸,nara iza shirazu / wa iza shirazu (ãªã‚‰ã„ã–ã—ã‚‰ãš / ã¯ã„ã–ã—ã‚‰ãš),I don't know about ... but; it may be possible for ... but ~
N1,â­ï¸,nari (ãªã‚Š),as soon as; right after ~
N1,ğŸ’ª,nari ni / nari no (ãªã‚Šã« / ãªã‚Šã®),suitable; in one's own way/style
N1,1ï¸âƒ£,nari tomo (ãªã‚Šã¨ã‚‚),at least; even just a little (adverbial particle)
N1,â¡ï¸,nari~nari (ãªã‚Šï½ãªã‚Š),[A] or [B] or something; for instance ~
N1,ğŸ“¥,nashi ni / nashi de (ãªã—ã« / ãªã—ã§),without; without doing ~
N1,â•,ni (ã«),and; in addition to; the combination of ~
N1,â¡ï¸,ni atai suru (ã«å€¤ã™ã‚‹ï¼ˆã«ã‚ãŸã„ã™ã‚‹ï¼‰),to be worth; to be worthy of; to deserve; to meritâ€‹ ~
N1,â³,ni atte (ã«ã‚ã£ã¦),at; on; during; in the condition ofâ€‹ ~
N1,â±ï¸,ni hikikae (ã«å¼•ãæ›ãˆï¼ˆã«ã²ãã‹ãˆï¼‰),compared to; in contrast to; unlike; while; whereas ~
N1,â¡ï¸,ni itaru / ni itatta (ã«è‡³ã‚‹ / ã«è‡³ã£ãŸï¼ˆã«ã„ãŸã‚‹ / ã«ã„ãŸã£ãŸï¼‰),leads to; come to a conclusion
N1,â¸ï¸,ni itaru made (ã«è‡³ã‚‹ã¾ã§ï¼ˆã«ã„ãŸã‚‹ã¾ã§ï¼‰),as far as; up until; everything from ... to ~
N1,â“,ni itattemo (ã«è‡³ã£ã¦ã‚‚ï¼ˆã«ã„ãŸã£ã¦ã‚‚ï¼‰),even if; even though; although something reached the point ~
N1,â°,ni ittate wa (ã«è‡³ã£ã¦ã¯ï¼ˆã«ã„ãŸã£ã¦ã¯ï¼‰),when it comes to; as for ~
N1,â“,ni iwasereba (ã«è¨€ã‚ã›ã‚Œã°ï¼ˆã«ã„ã‚ã›ã‚Œã°ï¼‰),if you ask; if one may say ~
N1,âŒ,ni kagitta koto dewa nai (ã«é™ã£ãŸã“ã¨ã§ã¯ãªã„ï¼ˆã«ã‹ãã£ãŸã“ã¨ã§ã¯ãªã„ï¼‰),not limited to only ~
N1,â“,ni kakatte wa / ni kakattara / ni kakaru to / kakareba (ã«ã‹ã‹ã£ã¦ã¯ / ã«ã‹ã‹ã£ãŸã‚‰ / ã«ã‹ã‹ã‚‹ã¨ / ã‹ã‹ã‚Œã°),when handled by (N); becomes a completely different result
N1,ğŸ¤”,ni kakatteiru (ã«ã‹ã‹ã£ã¦ã„ã‚‹),depending on; to depend on; whether or not
N1,â¡ï¸,ni kako tsukete (ã«ã‹ã“ã¤ã‘ã¦),to use as a pretext; to use as an excuse
N1,â•,ni kamakete (ã«ã‹ã¾ã‘ã¦),to be too busy; to focus / concentrate only on ~
N1,ğŸ¤”,ni katakunai (ã«é›£ããªã„ï¼ˆã«ã‹ãŸããªã„ï¼‰),easy to do; itâ€™s not hard to (imagine; understand; guess)
N1,â¡ï¸,ni matsuwaru (ã«ã¾ã¤ã‚ã‚‹),to be related to; to concern; associated with ~
N1,â¡ï¸,ni nottotte (ã«å‰‡ã£ã¦ï¼ˆã«ã®ã£ã¨ã£ã¦ï¼‰),based on; according to; in accordance with ~
N1,â¡ï¸,ni sakigakete (ã«å…ˆé§†ã‘ã¦ï¼ˆã«ã•ããŒã‘ã¦ï¼‰),prior to; to be the first (pioneer); being ahead of ~
N1,ğŸ’ª,ni shinobinai (ã«å¿ã³ãªã„ï¼ˆã«ã—ã®ã³ãªã„ï¼‰),cannot bring oneself (to do); unable to bear ~
N1,â“,ni shita tokoro de / to shita tokoro de (ã«ã—ãŸã¨ã“ã‚ã§ / ã¨ã—ãŸã¨ã“ã‚ã§),even if; even supposing that ~
N1,ğŸ“,ni shite (ã«ã—ã¦),at / on / under certain conditions (time; position; age; number of times)
N1,ğŸ”„,ni sokushite (ã«å³ã—ã¦ï¼ˆã«ããã—ã¦ï¼‰),according to; in keeping with; to be based on ~
N1,ğŸ’ª,ni taeru / ni taenai (ã«è€ãˆã‚‹ / ã«è€ãˆãªã„ï¼ˆã«ãŸãˆã‚‹ / ã«ãŸãˆãªã„ï¼‰),worth doing; can do; cannot bear doing ~
N1,ğŸ’ª,ni taranai / ni tarinai (ã«è¶³ã‚‰ãªã„ / ã«è¶³ã‚Šãªã„ï¼ˆã«ãŸã‚‰ãªã„ / ã«ãŸã‚Šãªã„ï¼‰),cannot; not worthy; not worth doing ~
N1,ğŸ’ª,ni taru / ni tariru (ã«è¶³ã‚‹ / ã«è¶³ã‚Šã‚‹ï¼ˆã«ãŸã‚‹ / ã«ãŸã‚Šã‚‹ï¼‰),can do; worthy; worth doing
N1,â¡ï¸,ni terashite (ã«ç…§ã‚‰ã—ã¦ï¼ˆã«ã¦ã‚‰ã—ã¦ï¼‰),according to; in view of; in light of ~
N1,âš ï¸,ni todomarazu (ã«ã¨ã©ã¾ã‚‰ãš),not limited to; not onlyâ€¦ but also ~
N1,â“,ni wa muri ga aru (ã«ã¯ç„¡ç†ãŒã‚ã‚‹ï¼ˆã«ã¯ã‚€ã‚ŠãŒã‚ã‚‹ï¼‰),difficult to do; is unreasonable / unrealistic / impossible
N1,âš¡,ni yorazu (ã«ã‚ˆã‚‰ãš),regardless of ~
N1,â­ï¸,ni~o kasanete (ã«ï½ã‚’é‡ã­ã¦ï¼ˆã«ï½ã‚’ã‹ã•ã­ã¦ï¼‰),success after continuous (effort; work; adjustments; etc.)
N1,ğŸ’ª,nimo hodo ga aru (ã«ã‚‚ã»ã©ãŒã‚ã‚‹),there is a limit to what is acceptable; to go too far
N1,âš–ï¸,nimo mashite (ã«ã‚‚å¢—ã—ã¦ï¼ˆã«ã‚‚ã¾ã—ã¦ï¼‰),more thanâ€¦; above ~
N1,âœ…,niwa ataranai (ã«ã¯å½“ãŸã‚‰ãªã„ï¼ˆã«ã¯ã‚ãŸã‚‰ãªã„ï¼‰),itâ€™s not worth; thereâ€™s no need to; does not correspond to ~
N1,âœ…,niwa oyobanai (ã«ã¯åŠã°ãªã„ï¼ˆã«ã¯ãŠã‚ˆã°ãªã„ï¼‰),there is no need to; unnecessary; no match for ~
N1,ğŸ†,no itari (ã®è‡³ã‚Šï¼ˆã®ã„ãŸã‚Šï¼‰),utmost; extremely ~
N1,ğŸ†,no kiwami (ã®æ¥µã¿ï¼ˆã®ãã‚ã¿ï¼‰),utmost; extremely ~
N1,ğŸ”¥,no nan notte (ã®ãªã‚“ã®ã£ã¦),extremely ~ (cannot be expressed in words)
N1,ğŸ’­,no yara / mono yara / koto yara (ã®ã‚„ã‚‰ / ã‚‚ã®ã‚„ã‚‰ / ã“ã¨ã‚„ã‚‰),I wonder...; unsure; I donâ€™t know ~
N1,ğŸš«,no yara~no yara (ã®ã‚„ã‚‰ï½ã®ã‚„ã‚‰),or ~ (I don't know)
N1,â¡ï¸,o fumaete (ã‚’è¸ã¾ãˆã¦ï¼ˆã‚’ãµã¾ãˆã¦ï¼‰),to be based on; to take into account ~
N1,â­ï¸,o hete (ã‚’çµŒã¦ï¼ˆã‚’ã¸ã¦ï¼‰),through; by way of; after; via ~
N1,â¡ï¸,o hikaete (ã‚’æ§ãˆã¦ï¼ˆã‚’ã²ã‹ãˆã¦ï¼‰),to be soon; the time has come to; nearby; ahead of ~
N1,â¡ï¸,o ii koto ni (ã‚’ã„ã„ã“ã¨ã«),to take advantage of ~
N1,ğŸ’ª,o kaerimizu / mo kaerimizu (ã‚’é¡§ã¿ãš / ã‚‚é¡§ã¿ãšï¼ˆã‚’ã‹ãˆã‚Šã¿ãš / ã‚‚ã‹ãˆã‚Šã¿ãšï¼‰),despite; without considering; not worrying about; regardless of ~
N1,â–¶ï¸,o kagiri ni (ã‚’é™ã‚Šã«ï¼ˆã‚’ã‹ãã‚Šã«ï¼‰),starting from; the last time (ending a continued action)
N1,ğŸ¯,o kanete (ã‚’å…¼ã­ã¦ï¼ˆã‚’ã‹ã­ã¦ï¼‰),also for the purpose of ~
N1,â­ï¸,o kawakiri ni (ã‚’çš®åˆ‡ã‚Šã«ï¼ˆã‚’ã‹ã‚ãã‚Šã«ï¼‰),one after another; starting with ~
N1,â¡ï¸,o ki ni (ã‚’æ©Ÿã«ï¼ˆã‚’ãã«ï¼‰),as an opportunity/chance to ~
N1,âš ï¸,o kinji enai (ã‚’ç¦ã˜å¾—ãªã„ï¼ˆã‚’ãã‚“ã˜ãˆãªã„ï¼‰),canâ€™t help but; canâ€™t refrain from ~
N1,âŒ,o mono tomo sezuni (ã‚’ã‚‚ã®ã¨ã‚‚ã›ãšã«),in defiance of; not losing to / afraid / worrying about ~
N1,ğŸ“,o motte / o mochimashite (ã‚’ã‚‚ã£ã¦ / ã‚’ã‚‚ã¡ã¾ã—ã¦),by means of; with; on / at / as of (time)â€‹
N1,ğŸ’ª,o oite~nai (ã‚’ãŠã„ã¦ï½ãªã„),only; can only be; there is no alternative; only ~
N1,â¡ï¸,o oshite / o oshikitte (ã‚’æŠ¼ã—ã¦ / ã‚’æŠ¼ã—åˆ‡ã£ã¦ï¼ˆã‚’ãŠã—ã¦ / ã‚’ãŠã—ãã£ã¦ï¼‰),to overcome (opposition); to push past ~
N1,â®ï¸,o sakai ni (ã‚’å¢ƒã«ï¼ˆã‚’ã•ã‹ã„ã«ï¼‰),since ~ (indicates a large change before & after)
N1,ğŸ’¡,o yogi naku sareru (ã‚’ä½™å„€ãªãã•ã‚Œã‚‹ï¼ˆã‚’ã‚ˆããªãã•ã‚Œã‚‹ï¼‰),to be forced to do something because one has no other choice
N1,ğŸ’ª,o yoso ni (ã‚’ã‚ˆãã«),despite; without regards to ~
N1,â¡ï¸,o zentei toshite (ã‚’å‰æã¨ã—ã¦ï¼ˆã‚’ãœã‚“ã¦ã„ã¨ã—ã¦ï¼‰),with the intention to; on the condition / assumption ~
N1,ğŸ’­,omoi o suru (æ€ã„ã‚’ã™ã‚‹ï¼ˆãŠã‚‚ã„ã‚’ã™ã‚‹ï¼‰),to think; to feel ~
N1,â°,ori ni (æŠ˜ã«ï¼ˆãŠã‚Šã«ï¼‰),when; at the time; on the occasion ~
N1,ğŸ‘Œ,oyoso (ãŠã‚ˆã),about; roughly; generally; approximately; completelyâ€‹ ~
N1,ğŸ”š,sa (ã•),ending particle; indicates assertion
N1,â“,samo (ã•ã‚‚),really (seem; appear; etc.); truly; as if ~
N1,â“,samonaito (ã•ã‚‚ãªã„ã¨),otherwise; or else; if not ~
N1,âœ”ï¸,sazo (ã•ã),surely; certainly; no doubt; indeedâ€‹ ~
N1,ğŸ”š,shimatsu da (å§‹æœ«ã ï¼ˆã—ã¾ã¤ã ï¼‰),end up; in the end; as a result (negative)
N1,â­ï¸,soba kara (ãã°ã‹ã‚‰),as soon as; right afterâ€‹ ~
N1,â¡ï¸,sobireru (ãã³ã‚Œã‚‹),to miss a chance; to fail to do ~
N1,â¡ï¸,sokonau / sokoneru / sonjiru (æãªã† / æã­ã‚‹ / æã˜ã‚‹ï¼ˆãã“ãªã† / ãã“ã­ã‚‹ / ãã‚“ã˜ã‚‹ï¼‰),to do something wrong; by mistake; to miss a chance; to fail to ~
N1,ğŸ’ª,sube ga nai (è¡“ãŒãªã„ï¼ˆã™ã¹ãŒãªã„ï¼‰),there is no way / means; cannot do ~
N1,â—,sura / de sura (ã™ã‚‰ / ã§ã™ã‚‰),even ~ (with emphasis)
N1,ğŸ¯,ta hazumi ni / ta hyoushi ni (ãŸå¼¾ã¿ã« / ãŸæ‹å­ã«ï¼ˆãŸã¯ãšã¿ã« / ãŸã²ã‚‡ã†ã—ã«ï¼‰),the moment [A]; unintentionally / inadvertently caused something to happen
N1,â†©ï¸,ta koto ni suru / ta koto ni naru (ãŸã“ã¨ã«ã™ã‚‹ / ãŸã“ã¨ã«ãªã‚‹),pretend to; see things as untrue; contrary to the truth ~
N1,â“,ta tokoro de (ãŸã¨ã“ã‚ã§),even if; no matter (who; what; when; where; why; how)
N1,ğŸš«,ta tsumori wa nai (ãŸã¤ã‚‚ã‚Šã¯ãªã„),have no intention to / didn't mean to ~
N1,âš ï¸,tada~nomi da (ãŸã ï½ã®ã¿ã ),all we can do is; can do nothing but; only ~
N1,ğŸš«,tameshi ga nai (ãŸã‚ã—ãŒãªã„),is never the case; has never happened; I have never seen or heard of ~
N1,â“,tara saigo / taga saigo (ãŸã‚‰æœ€å¾Œ / ãŸãŒæœ€å¾Œï¼ˆãŸã‚‰ã•ã„ã” / ãŸãŒã•ã„ã”ï¼‰),if you do... negative result
N1,â“,tara~tade (ãŸã‚‰ï½ãŸã§),if / in the case... of course / should ~
N1,â“,tara~tokoro da (ãŸã‚‰ï½ã¨ã“ã‚ã ),if... (counterfactual condition); then would be ~
N1,âŒ,tari tomo (ãŸã‚Šã¨ã‚‚),not even; not any ~
N1,ğŸ’¡,taru mono / taru (ãŸã‚‹ã‚‚ã® / ãŸã‚‹),(those) who are; (that) which is; in the capacity of ... should ~
N1,ğŸ’ª,te kanawanai (ã¦æ•µã‚ãªã„ï¼ˆã¦ã‹ãªã‚ãªã„ï¼‰),can't bear to; unable to; troublesome to; canâ€™t stand to ~
N1,ğŸ“…,te kara to iu mono (ã¦ã‹ã‚‰ã¨ã„ã†ã‚‚ã®),ever since ~
N1,âœ”ï¸,te miseru (ã¦ã¿ã›ã‚‹),Iâ€™ll do my best; I'll definitely do; I'll show you ~
N1,ğŸ’¡,te shikaru beki da (ã¦ã—ã‹ã‚‹ã¹ãã ),should; appropriate; it is natural to do ~
N1,ğŸ’ª,te sumu koto dewa nai (ã¦æ¸ˆã‚€ã“ã¨ã§ã¯ãªã„ï¼ˆã¦ã™ã‚€ã“ã¨ã§ã¯ãªã„ï¼‰),~ is not enough to solve the problem; cannot be resolved by ~
N1,âš ï¸,te yamanai (ã¦ã‚„ã¾ãªã„),always; never stop; canâ€™t help but ~
N1,â®ï¸,temae (æ‰‹å‰ï¼ˆã¦ã¾ãˆï¼‰),considering; before; in front of; oneâ€™s standpoint
N1,ğŸ’ª,temo dou ni mo naranai (ã¦ã‚‚ã©ã†ã«ã‚‚ãªã‚‰ãªã„),it's no use; can't do anything
N1,â“,temo sashitsukaenai (ã¦ã‚‚å·®ã—æ”¯ãˆãªã„ï¼ˆã¦ã‚‚ã•ã—ã¤ã‹ãˆãªã„ï¼‰),can ~; itâ€™s okay if ~ (indicates permission or compromise)
N1,â“,temo shiranai (ã¦ã‚‚çŸ¥ã‚‰ãªã„ï¼ˆã¦ã‚‚ã—ã‚‰ãªã„ï¼‰),if (you) continue... you'll end up / I don't care about it
N1,ğŸ’¡,to aimatte (ã¨ç›¸ã¾ã£ã¦ï¼ˆã¨ã‚ã„ã¾ã£ã¦ï¼‰),together with...; more; because of the influence of...; more ~
N1,â“,to areba (ã¨ã‚ã‚Œã°),if it is the case that; if ~
N1,ğŸ’¡,to atte (ã¨ã‚ã£ã¦),due to the fact that; because of ~
N1,â“,to bakari ni (ã¨ã°ã‹ã‚Šã«),as if to say; as though~
N1,â“,to ie domo (ã¨ã„ãˆã©ã‚‚),even if; even though; despite ~
N1,ğŸ’ª,to ienaku mo nai (ã¨è¨€ãˆãªãã‚‚ãªã„ï¼ˆã¨ã„ãˆãªãã‚‚ãªã„ï¼‰),one can even say that; it can also be said that ~
N1,ğŸ¤”,to ii~to ii (ã¨ã„ã„ï½ã¨ã„ã„),both ... and; not only ... also; whether it be ... or ~
N1,âš–ï¸,to ittara nai (ã¨ã„ã£ãŸã‚‰ãªã„),extremely; very; nothing more ... than this; as ... as it could possibly be
N1,â€¼ï¸,to iu (ã¨ã„ã†),all; every single ~ (no exceptions)
N1,â†”ï¸,to iu ka~to iu ka (ã¨ã„ã†ã‹ï½ã¨ã„ã†ã‹),or rather; or perhaps I should say; I mean ~
N1,â³,to iu mono (ã¨ã„ã†ã‚‚ã®),during; for; since; over a period of time
N1,âš–ï¸,to iu tokoro da / to itta tokoro da (ã¨ã„ã†ã¨ã“ã‚ã  / ã¨ã„ã£ãŸã¨ã“ã‚ã ),at the most; no more thanâ€‹; at best; roughly; about ~
N1,ğŸ’­,to iu wake da (ã¨ã„ã†ã‚ã‘ã ),that's why; no wonder; this means; it is the case that ~
N1,âŒ,to iu wake dewa nai (ã¨ã„ã†ã‚ã‘ã§ã¯ãªã„),itâ€™s not that; it doesnâ€™t mean that ~
N1,âš ï¸,to iwazu~to iwazu (ã¨ã„ã‚ãšï½ã¨ã„ã‚ãš),both; not only A or B; but (overall) ~
N1,ğŸ’¡,to kiteiru (ã¨ãã¦ã„ã‚‹),because of ~
N1,âš¡,to miru to (ã¨ã¿ã‚‹ã¨),as soon as one realizes ...; then ~
N1,â­ï¸,to miru ya (ã¨è¦‹ã‚‹ã‚„ï¼ˆã¨ã¿ã‚‹ã‚„ï¼‰),at the sight of; upon seeing; after confirming ~
N1,â“,to naru to / to nareba (ã¨ãªã‚‹ã¨ / ã¨ãªã‚Œã°),when it comes to; in such a case; if that happens
N1,ğŸ¤”,to sareru (ã¨ã•ã‚Œã‚‹),is considered to; it is said that ~
N1,â°,tokitara (ã¨ããŸã‚‰),when it comes to; concerning ~
N1,ğŸ”€,tokoro o (ã¨ã“ã‚ã‚’),although (it is a certain time/condition); even though normally
N1,ğŸ’¬,tomo arou mono ga (ã¨ã‚‚ã‚ã‚ã†ã‚‚ã®ãŒ),of all people (expression showing surprise at a high standing person's misbehavior)
N1,ğŸ’­,tomo naku / tomo nashi ni (ã¨ã‚‚ãªã / ã¨ã‚‚ãªã—ã«),somehow; without knowing; without thinking; unconsciouslyâ€‹ ~
N1,ğŸ’ª,tomo sureba (ã¨ã‚‚ã™ã‚Œã°),apt to (do); tend to; liable to; prone to ~
N1,ğŸ’ª,tomo~tomo (ã¨ã‚‚ï½ã¨ã‚‚),unable to draw a conclusion; unable to judge
N1,â­,toriwake (ã¨ã‚Šã‚ã‘),especially; above all ~
N1,ğŸ’¯,toshita koto ga (ã¨ã—ãŸã“ã¨ãŒ),of all people; who would have thought?
N1,ğŸ“,tossa ni (ã¨ã£ã•ã«),at once; right away; promptly
N1,â“,tote (ã¨ã¦),even; even if/though ~
N1,ğŸš«,towa (ã¨ã¯),I didn't know; I was surprised that; the fact that ~
N1,ğŸ”€,towa ie (ã¨ã¯ã„ãˆ),though; although; be that as it may; nonetheless
N1,âš–ï¸,towa kurabemono ni naranai (ã¨ã¯æ¯”ã¹ã‚‚ã®ã«ãªã‚‰ãªã„ï¼ˆã¨ã¯ãã‚‰ã¹ã‚‚ã®ã«ãªã‚‰ãªã„ï¼‰),can't compare with ~
N1,â“,towa utte kawatte / to wa utte kawari (ã¨ã¯æ‰“ã£ã¦å¤‰ã‚ã£ã¦ / ã¨ã¯æ‰“ã£ã¦å¤‰ã‚ã‚Šï¼ˆã¨ã¯ã†ã£ã¦ã‹ã‚ã£ã¦ / ã¨ã¯ã†ã£ã¦ã‹ã‚ã‚Šï¼‰),unlike; totally different; very different from ~
N1,â•,tsu~tsu (ã¤ï½ã¤),and ~ (indicates two contrasting actions)
N1,ğŸ‘Œ,tsukusu (å°½ãã™ï¼ˆã¤ãã™ï¼‰),to use up (completely without anything remaining); to exhaust; to run out of ~
N1,âœ”ï¸,tteba / ttara (ã£ã¦ã° / ã£ãŸã‚‰),speaking of; I told you already; come on (annoyance / dissatisfaction)
N1,ğŸ’ª,uchi ni hairanai (ã†ã¡ã«å…¥ã‚‰ãªã„ï¼ˆã†ã¡ã«ã¯ã„ã‚‰ãªã„ï¼‰),not really; can't be regarded as ~
N1,ğŸ”š,wa (ã‚),feminine sentence ending particle
N1,âš ï¸,wa dou de are (ã¯ã©ã†ã§ã‚ã‚Œ),however; whateverâ€‹ ~
N1,âœ…,wa oroka (ã¯ãŠã‚ã‹),let alone; not to mention; needless to say ~
N1,ğŸ“¥,wa sateoki (ã¯ã•ã¦ãŠã),setting aside ~
N1,ğŸ”„,wa socchinoke de / o socchinoke de (ã¯ãã£ã¡ã®ã‘ã§ / ã‚’ãã£ã¡ã®ã‘ã§),ignoring (one thing) for (another)â€‹â€‹; instead of ~
N1,â²ï¸,wa~wade (ã‚ã€œã‚ã§),and (listing negative things happening at the same time)
N1,âš¡,ya ina ya (ã‚„å¦ã‚„ï¼ˆã‚„ã„ãªã‚„ï¼‰),as soon as; the moment ~
N1,âš ï¸,ya shinai (ã‚„ã—ãªã„),should do; but don't; absolutely not; there's no way ~
N1,â¡ï¸,yare~yare (ã‚„ã‚Œï½ã‚„ã‚Œ),pattern to give two representative examples (usually negative)
N1,â“,you ga / you to (ã‚ˆã†ãŒ / ã‚ˆã†ã¨),even if; no matter how/what ~
N1,â“,you ga~you ga / you to~you to (ã‚ˆã†ãŒï½ã‚ˆã†ãŒ / ã‚ˆã†ã¨ï½ã‚ˆã†ã¨),no matter; whether; even if [A] or [B]
N1,ğŸ”š,you ni yotte wa / you dewa (ã‚ˆã†ã«ã‚ˆã£ã¦ã¯ / ã‚ˆã†ã§ã¯),depending on the way; depending on how; according to how ~
N1,â“,you nimo~nai (ã‚ˆã†ã«ã‚‚ï½ãªã„),even if I wanted toâ€¦ I couldnâ€™t ~
N1,ğŸ¤”,you to~mai to / you ga~mai ga (ã‚ˆã†ã¨ï½ã¾ã„ã¨ / ã‚ˆã†ãŒï½ã¾ã„ãŒ),whether or not; regardless
N1,ğŸ’¡,yue ni (ã‚†ãˆã«),therefore; consequentlyâ€‹; because of; due to ~
N1,ğŸ”š,zo / ze (ããƒ»ãœ),ending particle; adds force or indicates command
N1,ğŸ”š,zu jimai (ãšã˜ã¾ã„),ended up not doing ~
N1,âœ”ï¸,zu niwa okanai / nai dewa okanai (ãšã«ã¯ãŠã‹ãªã„ / ãªã„ã§ã¯ãŠã‹ãªã„),will definitely/certainly do something; cannot not ~
N1,âš ï¸,zu niwa sumanai / nai dewa sumanai (ãšã«ã¯æ¸ˆã¾ãªã„ / ãªã„ã§ã¯æ¸ˆã¾ãªã„ï¼ˆãšã«ã¯ã™ã¾ãªã„ / ãªã„ã§ã¯ã™ã¾ãªã„ï¼‰),must; will definitely; canâ€™t help but to ~
N1,ğŸ“¥,zu tomo (ãšã¨ã‚‚),even without doing; even without beingâ€‹ ~
N1,âš ï¸,zukume (ãšãã‚),completely; entirely; nothing but ~
N2,â­ï¸,ageku (ã‚ã’ã),to end up; in the end; finally; after all ~
N2,ğŸ¤”,aruiwa (ã‚ã‚‹ã„ã¯),or; either; maybe; perhaps; possibly ~
N2,ğŸ“‹,bakari (ã°ã‹ã‚Š),about; approximately ~
N2,â–¶ï¸,bakari da (ã°ã‹ã‚Šã ),continue to (go in negative direction)
N2,âš ï¸,bakari ka (ã°ã‹ã‚Šã‹),not only... but also; as well as ~
N2,ğŸ’¡,bakari ni (ã°ã‹ã‚Šã«),simply because; on account of~ (negative result)
N2,ğŸ“¥,chinamini (ã¡ãªã¿ã«),by the way; in this connection; incidentally; (conjunction)
N2,âŒ,chitto mo~nai (ã¡ã£ã¨ã‚‚ï½ãªã„),(not) at all; (not) in the least ~
N2,ğŸ’¡,dake atte (ã ã‘ã‚ã£ã¦),being the case; precisely because; as expected from ~
N2,âš–ï¸,dake mashi da (ã ã‘ã¾ã—ã ),itâ€™s better than; one should feel grateful for ~
N2,ğŸ’¡,dake ni (ã ã‘ã«),being the case; precisely because; as one would expect
N2,ğŸ’­,dake no koto wa aru (ã ã‘ã®ã“ã¨ã¯ã‚ã‚‹),no wonder; as expected of; not ... for nothing; not ... with nothing to show for it
N2,ğŸ’ª,dake wa (ã ã‘ã¯),to do all that one can
N2,â­ï¸,datte (ã ã£ã¦),because; but; after all; even; too
N2,âš–ï¸,de shika nai (ã§ã—ã‹ãªã„),merely; nothing but; no more than; there is only ~
N2,âš ï¸,dokoro dewa nai (ã©ã“ã‚ã§ã¯ãªã„),not the time for; not the place for; far from; anything but ~
N2,âš ï¸,dokoro ka (ã©ã“ã‚ã‹),far from; anything but; let alone; not to mention; much less ~
N2,ğŸ“Œ,dou yara (ã©ã†ã‚„ã‚‰),possibly; apparently; seems like; somehow; barely ~
N2,â­ï¸,douse (ã©ã†ã›),anyhow; in any case; at any rate; after all; no matter what
N2,ğŸ’ª,enai (å¾—ãªã„ï¼ˆãˆãªã„ï¼‰),unable to; cannot; it is not possible to ~
N2,ğŸ’ª,eru / uru (å¾—ã‚‹ï¼ˆãˆã‚‹ / ã†ã‚‹ï¼‰),can; to be able to; is possible to ~
N2,â•,futatabi (å†ã³ï¼ˆãµãŸãŸã³ï¼‰),again; once more
N2,ğŸ‘‰,fuu ni (ãµã†ã«),this way; that way; in such a way; how
N2,ğŸ’«,ga kikkake de / o kikkake ni (ãŒãã£ã‹ã‘ã§ / ã‚’ãã£ã‹ã‘ã«),withâ€¦ as a start; as a result of; taking advantage of ~
N2,ğŸ“Œ,ge (ã’),looks like; seems like; appears to ~
N2,â†©ï¸,gyaku ni (é€†ã«ï¼ˆãã‚ƒãã«ï¼‰),conversely; on the contrary ~
N2,â±ï¸,hanmen (åé¢ï¼ˆã¯ã‚“ã‚ã‚“ï¼‰),while; although; on the other hand~
N2,ğŸ’ª,hatashite (æœãŸã—ã¦ï¼ˆã¯ãŸã—ã¦ï¼‰),as was expected; sure enough; really; actually ~
N2,â•,ichiou (ä¸€å¿œï¼ˆã„ã¡ãŠã†ï¼‰),more or less; pretty much; roughly; tentatively ~
N2,ğŸ“¥,igai (ä»¥å¤–ï¼ˆã„ãŒã„ï¼‰),with the exception of; excepting ~
N2,âš–ï¸,ijou ni (ä»¥ä¸Šã«ï¼ˆã„ã˜ã‚‡ã†ã«ï¼‰),more than; not less than; beyond ~
N2,ğŸ“…,ijou wa (ä»¥ä¸Šã¯ï¼ˆã„ã˜ã‚‡ã†ã¯ï¼‰),because; since; seeing that ~
N2,ğŸ“¥,ikinari (ã„ããªã‚Š),abruptly; suddenly; all of a sudden; without warning
N2,âš¡,ikki ni (ä¸€æ°—ã«ï¼ˆã„ã£ãã«ï¼‰),in one go; without stopping; all at once; immediately; instantly; right away ~
N2,ğŸ”€,ippou de (ä¸€æ–¹ã§ï¼ˆã„ã£ã½ã†ã§ï¼‰),on one hand; on the other hand; although ~
N2,ğŸ—£ï¸,iwayuru (ã„ã‚ã‚†ã‚‹),what is called; as it is called; the so-called; so to speakâ€‹
N2,ğŸ¤”,iyoiyo (ã„ã‚ˆã„ã‚ˆ),at last; finally; beyond doubt
N2,ğŸ’ª,jou (ä¸Šï¼ˆã˜ã‚‡ã†ï¼‰),for the sake of; from the standpoint of; as a matter of; in terms of ~
N2,â“,ka no you ni (ã‹ã®ã‚ˆã†ã«),as if; just like ~
N2,â°,ka to omottara (ã‹ã¨æ€ã£ãŸã‚‰ï¼ˆã‹ã¨ãŠã‚‚ã£ãŸã‚‰ï¼‰),just when; no sooner than ~
N2,â­ï¸,ka~nai ka no uchi ni (ã‹ï½ãªã„ã‹ã®ã†ã¡ã«),just as; right after; as soon as ~
N2,â•,kaette (ã‹ãˆã£ã¦),on the contrary; rather; all the more; surprisingly ~
N2,â±ï¸,kagiri (é™ã‚Šï¼ˆã‹ãã‚Šï¼‰),as long as; whileâ€¦ is the case; as far as; while ~
N2,ğŸ’ª,kai ga aru (ç”²æ–ãŒã‚ã‚‹ï¼ˆã‹ã„ãŒã‚ã‚‹ï¼‰),itâ€™s worth oneâ€™s efforts to do something
N2,ğŸ¤”,kanenai (ã‹ã­ãªã„),(someone) might do something; something might happen
N2,ğŸ’ª,kaneru (ã‹ã­ã‚‹),unable to do something; canâ€™t do something
N2,â¬…ï¸,kara iu to (ã‹ã‚‰è¨€ã†ã¨ï¼ˆã‹ã‚‰ã„ã†ã¨ï¼‰),in terms of; from the point of view of ~
N2,ğŸ’¡,kara koso (ã‹ã‚‰ã“ã),precisely because ~
N2,â¬…ï¸,kara miru to (ã‹ã‚‰è¦‹ã‚‹ã¨ï¼ˆã‹ã‚‰ã¿ã‚‹ã¨ï¼‰),from the point of view of; by the look of; judging from ~
N2,ğŸ“…,kara niwa (ã‹ã‚‰ã«ã¯),now that; since; so long as; because ~
N2,ğŸ“…,kara shite (ã‹ã‚‰ã—ã¦),judging from; based on; since; from; even ~
N2,ğŸ¤”,kara suru to / kara sureba (ã‹ã‚‰ã™ã‚‹ã¨ / ã‹ã‚‰ã™ã‚Œã°),judging from; considering; by the look of ~
N2,â“,kara to itte (ã‹ã‚‰ã¨è¨€ã£ã¦ï¼ˆã‹ã‚‰ã¨ã„ã£ã¦ï¼‰),just because; even if; even though ~
N2,âœ”ï¸,kkonai (ã£ã“ãªã„),no chance of; â€¦ is definitely not possible
N2,ğŸ’¡,koto da (ã“ã¨ã ),should do~ (used for suggestions or giving advice)
N2,ğŸ“…,koto dakara (ã“ã¨ã ã‹ã‚‰),because; since ~
N2,ğŸ“,koto ka (ã“ã¨ã‹),howâ€¦!; whatâ€¦!
N2,â¡ï¸,koto naku (ã“ã¨ãªã),without doing something even once
N2,ğŸ’—,koto ni (ã“ã¨ã«),emphasize speaker's feelings; to my (surprise/etc)
N2,ğŸ’¡,koto niwa naranai (ã“ã¨ã«ã¯ãªã‚‰ãªã„),just becauseâ€¦ doesnâ€™t mean ~
N2,ğŸ”€,kuse shite (ãã›ã—ã¦),although; despite the fact that; even though ~
N2,â¬†ï¸,madashimo (ã¾ã ã—ã‚‚),rather; betterâ€‹ ~
N2,ğŸ¤”,mai (ã¾ã„),will not; will probably not; intend not to; must not ~
N2,â¡ï¸,mama ni (ã¾ã¾ã«),as; to do as ~
N2,âŒ,mattaku~nai (å…¨ãï½ãªã„ï¼ˆã¾ã£ãŸãï½ãªã„ï¼‰),not at all ~
N2,ğŸ“‹,mo kamawazu (ã‚‚ã‹ã¾ã‚ãš),without caring; without worrying about ~
N2,ğŸ¤”,mo touzen da (ã‚‚å½“ç„¶ã ï¼ˆã‚‚ã¨ã†ãœã‚“ã ï¼‰),itâ€™s only natural; no wonder; might as well ~
N2,ğŸ’¡,mono / mon (ã‚‚ã® / ã‚‚ã‚“),because; indicates reason/ excuse/ dissatisfaction
N2,ğŸ’—,mono da (ã‚‚ã®ã ),describe feeling; express memories; state fact
N2,ğŸ§ ,mono dakara (ã‚‚ã®ã ã‹ã‚‰),so; therefore; the reason for something
N2,ğŸ²,mono dewa nai (ã‚‚ã®ã§ã¯ãªã„),shouldnâ€™t do something; itâ€™s impossible to ~
N2,ğŸ“Œ,mono ga aru (ã‚‚ã®ãŒã‚ã‚‹),there is such a thing; to be the case thatâ€‹; feels like ~
N2,â“,mono ka / mon ka (ã‚‚ã®ã‹ / ã‚‚ã‚“ã‹),as if (something untrue were actually true); there's no way ~
N2,â“,mono nara (ã‚‚ã®ãªã‚‰),if I/we could; if [A] is possible; then [B]; if one can do something; then ~
N2,âš ï¸,monono (ã‚‚ã®ã®),but; although; even though ~
N2,âš ï¸,motto mo (ã‚‚ã£ã¨ã‚‚),but then; although; though ~
N2,ğŸ†,mou sukoshi de (ã‚‚ã†å°‘ã—ã§ï¼ˆã‚‚ã†ã™ã“ã—ã§ï¼‰),almost; nearly; close to ~
N2,âš ï¸,nai dewa irarenai (ãªã„ã§ã¯ã„ã‚‰ã‚Œãªã„),canâ€™t help but feel; canâ€™t help but do ~
N2,âš ï¸,nai koto niwa~nai (ãªã„ã“ã¨ã«ã¯ï½ãªã„),unless you ~
N2,â°,naka o / naka dewa (ä¸­ã‚’ / ä¸­ã§ã¯ï¼ˆãªã‹ã‚’ / ãªã‹ã§ã¯ï¼‰),in; on; in the midst of; when; while ~
N2,ğŸ¤”,naku wa nai / naku mo nai (ãªãã¯ãªã„ / ãªãã‚‚ãªã„),itâ€™s not that; I may (double negative)
N2,ğŸ“¥,nakute sumu (ãªãã¦æ¸ˆã‚€ï¼ˆãªãã¦ã™ã‚€ï¼‰),get by without doing ~
N2,âœ…,nani mo~nai (ä½•ã‚‚ï½ãªã„ï¼ˆãªã«ã‚‚ï½ãªã„ï¼‰),nothing; (not) ~ at all; thereâ€™s no need to ~
N2,â•,nao (ãªãŠ),still; yetâ€‹; furthermore; in addition ~
N2,â€¼ï¸,neba naranai (ã­ã°ãªã‚‰ãªã„),have to do; must; should ~
N2,ğŸ“,ni atatte (ã«ã‚ãŸã£ã¦),at the time; on the occasion of ~
N2,âš–ï¸,ni hoka naranai (ã«ã»ã‹ãªã‚‰ãªã„),nothing but; none other than ~
N2,âš ï¸,ni kagirazu (ã«é™ã‚‰ãšï¼ˆã«ã‹ãã‚‰ãšï¼‰),not just; not only... but also ~
N2,âš–ï¸,ni kagiru (ã«é™ã‚‹ï¼ˆã«ã‹ãã‚‹ï¼‰),is best; nothing is better than ~
N2,ğŸ“¥,ni kagitte (ã«é™ã£ã¦ï¼ˆã«ã‹ãã£ã¦ï¼‰),only; in particular ~
N2,ğŸ“¥,ni kakawarazu (ã«é–¢ã‚ã‚‰ãšï¼ˆã«ã‹ã‹ã‚ã‚‰ãšï¼‰),in spite of; regardless of ~
N2,ğŸ“‹,ni kakawaru (ã«é–¢ã‚ã‚‹ï¼ˆã«ã‹ã‹ã‚ã‚‹ï¼‰),to relate to; to have to do with; relating to ~
N2,âœ”ï¸,ni kimatte iru (ã«æ±ºã¾ã£ã¦ã„ã‚‹ï¼ˆã«ãã¾ã£ã¦ã„ã‚‹ï¼‰),certainly; Iâ€™m sure/certain that; it must be the case that ~
N2,âš–ï¸,ni koshita koto wa nai (ã«è¶Šã—ãŸã“ã¨ã¯ãªã„ï¼ˆã«ã“ã—ãŸã“ã¨ã¯ãªã„ï¼‰),itâ€™s best that; thereâ€™s nothing better than ~
N2,â¡ï¸,ni kotaete (ã«å¿œãˆã¦ï¼ˆã«ã“ãŸãˆã¦ï¼‰),in response to ~
N2,â•,ni kuwaete (ã«åŠ ãˆã¦ï¼ˆã«ãã‚ãˆã¦ï¼‰),in addition ~
N2,ğŸ“Š,ni motozuite (ã«åŸºã¥ã„ã¦ï¼ˆã«ã‚‚ã¨ã¥ã„ã¦ï¼‰),based on; on the basis of ~
N2,â¡ï¸,ni mukatte (ã«å‘ã‹ã£ã¦ï¼ˆã«ã‚€ã‹ã£ã¦ï¼‰),to face; to go towards; to head to ~
N2,ğŸ”š,ni oujite (ã«å¿œã˜ã¦ï¼ˆã«ãŠã†ã˜ã¦ï¼‰),depending on; in accordance with ~
N2,ğŸ“,ni saishite (ã«éš›ã—ã¦ï¼ˆã«ã•ã„ã—ã¦ï¼‰),on the occasion of; at the time of ~
N2,â®ï¸,ni sakidachi (ã«å…ˆç«‹ã¡ï¼ˆã«ã•ãã ã¡ï¼‰),before; prior to ~
N2,â“,ni seyo/ ni shiro (ã«ã›ã‚ˆ/ ã«ã—ã‚),even if; regardless; whether... or ~
N2,ğŸ¤”,ni shiro~ni shiro (ã«ã—ã‚ï½ã«ã—ã‚),whetherâ€¦ or ~
N2,â¬…ï¸,ni shitara / ni sureba (ã«ã—ãŸã‚‰ / ã«ã™ã‚Œã°),from oneâ€™s perspective; from the point of view of ~
N2,ğŸ¤”,ni shitemo~ni shitemo (ã«ã—ã¦ã‚‚ï½ã«ã—ã¦ã‚‚),regardless of whether ~
N2,ğŸ“¥,ni sotte (ã«æ²¿ã£ã¦ï¼ˆã«ãã£ã¦ï¼‰),along with; in accordance with ~
N2,ğŸ¤”,ni soui nai (ã«ç›¸é•ãªã„ï¼ˆã«ãã†ã„ãªã„ï¼‰),without a doubt; certain; sure
N2,âš–ï¸,ni suginai (ã«éããªã„ï¼ˆã«ã™ããªã„ï¼‰),no more than; just; merely; only ~
N2,â¡ï¸,ni tomonatte (ã«ä¼´ã£ã¦ï¼ˆã«ã¨ã‚‚ãªã£ã¦ï¼‰),as; due to; with; along with; following; accordingly ~
N2,ğŸ¤”,ni tsuke (ã«ã¤ã‘),every time; whenever; as; whether; in (either case)â€‹
N2,ğŸ’¡,ni tsuki (ã«ã¤ã),due to; because of; per; each
N2,ğŸ“¤,ni watatte (ã«ã‚ãŸã£ã¦),throughout; over a period of ~
N2,ğŸ”€,nimo kakawarazu (ã«ã‚‚é–¢ã‚ã‚‰ãšï¼ˆã«ã‚‚ã‹ã‹ã‚ã‚‰ãšï¼‰),despite; in spite of; nevertheless; although ~
N2,ğŸ“,nite (ã«ã¦),in; at; with; by (formal particle)
N2,ğŸ’­,no mo motto mo da (ã®ã‚‚ã‚‚ã£ã¨ã‚‚ã ),no wonder; â€¦is only natural
N2,â¬‡ï¸,no moto de (ã®ä¸‹ã§ï¼ˆã®ã‚‚ã¨ã§ï¼‰),under; with ~
N2,â¡ï¸,no ue de wa (ã®ä¸Šã§ã¯ï¼ˆã®ã†ãˆã§ã¯ï¼‰),according to; from the viewpoint of ~
N2,âš ï¸,nomi (ã®ã¿),only; nothing butâ€‹
N2,âŒ,nominarazu (ã®ã¿ãªã‚‰ãš),not only; besides; as well as ~
N2,ğŸ“,nu (ã¬),negative verb conjugation; traditional version of ãªã„
N2,ğŸ“¥,nuki ni shite / nuki de (æŠœãã«ã—ã¦ / æŠœãã§ï¼ˆã¬ãã«ã—ã¦/ ã¬ãã§ï¼‰),without; leaving out; cutting out ~
N2,ğŸ”¥,nuku (æŠœãï¼ˆã¬ãï¼‰),to do something from beginning to end; completely; extremely ~
N2,ğŸ’«,o keiki ni (ã‚’å¥‘æ©Ÿã«ï¼ˆã‚’ã‘ã„ãã«ï¼‰),as a good opportunity/chance to; as a result of; make the best of ~
N2,ğŸ“‹,o megutte (ã‚’ã‚ãã£ã¦),concerning; in regard to ~
N2,â¬…ï¸,o moto ni (ã‚’ã‚‚ã¨ã«),based on; derived from; building on; beginning with ~
N2,ğŸ“¥,o nozoite (ã‚’é™¤ã„ã¦ï¼ˆã‚’ã®ãã„ã¦ï¼‰),except; with the exception of; excluding ~
N2,ğŸš«,o towazu (ã‚’å•ã‚ãšï¼ˆã‚’ã¨ã‚ãšï¼‰),regardless of; irrespective of; no matter
N2,â¡ï¸,o~negau (ãŠï½é¡˜ã†ï¼ˆãŠï½ã­ãŒã†ï¼‰),please do; could you pleaseâ€¦; I ask of you to ~
N2,â•,omake ni (ãŠã¾ã‘ã«),to make matters worse; besides; what's more; in addition; on top of thatâ€‹
N2,ğŸ“Œ,osoraku (æã‚‰ãï¼ˆãŠãã‚‰ãï¼‰),perhaps; likely; probably; I dare say ~
N2,ğŸ’ª,osore ga aru (æã‚ŒãŒã‚ã‚‹ï¼ˆãŠãã‚ŒãŒã‚ã‚‹ï¼‰),it is feared that; to be in danger of; to be liable to ~
N2,â•,oyobi (åŠã³ï¼ˆãŠã‚ˆã³ï¼‰),and; as well as ~
N2,âŒ,roku ni~nai (ã‚ãã«ï½ãªã„),not well; not enough; improperly; insufficiently; unsatisfactorilyâ€‹ ~
N2,âš–ï¸,saiwai na koto ni (å¹¸ã„ãªã“ã¨ã«ï¼ˆã•ã„ã‚ã„ãªã“ã¨ã«ï¼‰),fortunately; luckily; thankfully ~
N2,ğŸ’¡,sei ka (ã›ã„ã‹),perhaps because ~
N2,âš–ï¸,sekkaku (ã›ã£ã‹ã),especially; (thank you for) troubling to; going to great pains for ~
N2,ğŸ†,semete (ã›ã‚ã¦),at least; at most ~
N2,âš¡,shidai (æ¬¡ç¬¬ï¼ˆã—ã ã„ï¼‰),as soon as; dependent upon
N2,ğŸ”š,shidai de (æ¬¡ç¬¬ã§ï¼ˆã—ã ã„ã§ï¼‰),depending on; so ~
N2,â¡ï¸,shidai ni (æ¬¡ç¬¬ã«ï¼ˆã—ã ã„ã«ï¼‰),gradually (progress into a state); in sequence; in order
N2,â•,shikamo (ã—ã‹ã‚‚),moreover; furthermore; and yet; whatâ€™s more ~
N2,â•,sono ue (ãã®ä¸Šï¼ˆãã®ã†ãˆï¼‰),besides; in addition; furthermore ~
N2,âš ï¸,sore na noni (ãã‚Œãªã®ã«),and yet; despite this; but even so ~
N2,â“,sore nara (ãã‚Œãªã‚‰),if thatâ€™s the case; if so ~
N2,ğŸ¤”,sore ni shitemo (ãã‚Œã«ã—ã¦ã‚‚),nevertheless; at any rate; even so; be that as it may ~
N2,ğŸ’­,sou ieba (ãã†è¨€ãˆã°ï¼ˆãã†ã„ãˆã°ï¼‰),come to think of it; now that you mention it ~
N2,â“,sou suru to (ãã†ã™ã‚‹ã¨),having done that; if that is done; if it is done in that way
N2,â­ï¸,sue ni (æœ«ã«ï¼ˆã™ãˆã«ï¼‰),finally; after; following; at the end/ conclusion of ~
N2,âŒ,sukoshi mo~nai (å°‘ã—ã‚‚ï½ãªã„ï¼ˆã™ã“ã—ã‚‚ï½ãªã„ï¼‰),not one bit; not even a little ~
N2,ğŸ“,sukunaku tomo (å°‘ãªãã¨ã‚‚ï¼ˆã™ããªãã¨ã‚‚ï¼‰),at least ~
N2,âš¡,tadachi ni (ç›´ã¡ã«ï¼ˆãŸã ã¡ã«ï¼‰),at once; immediately; directly; in person; automatically ~
N2,â¡ï¸,tamae (ãŸã¾ãˆ),do~; order somebody to do something
N2,ğŸ’ª,te bakari wa irarenai (ã¦ã°ã‹ã‚Šã¯ã„ã‚‰ã‚Œãªã„),canâ€™t keep doing ~
N2,â“,te demo (ã¦ã§ã‚‚),even if I have to; by all means ~
N2,ğŸ“…,te irai (ã¦ä»¥æ¥ï¼ˆã¦ã„ã‚‰ã„ï¼‰),since; henceforth ~
N2,â“,te ite wa (ã¦ã„ã¦ã¯),if one keeps doing ~
N2,ğŸ“…,te koso (ã¦ã“ã),now that; since (something happened)
N2,â¡ï¸,te made (ã¦ã¾ã§),even; will go far so as to ~
N2,âš ï¸,te naranai (ã¦ãªã‚‰ãªã„),can't help but; dying to; extremely ~
N2,âš ï¸,te tamaranai (ã¦ãŸã¾ã‚‰ãªã„),can't help but; dying to; extremely ~
N2,ğŸ“,te touzen da (ã¦å½“ç„¶ã ï¼ˆã¦ã¨ã†ãœã‚“ã ï¼‰),natural; as a matter of course
N2,â“,tewa / dewa (ã¦ã¯ / ã§ã¯),whenever; if; when~; repetitive action
N2,ğŸ’ª,tewa irarenai (ã¦ã¯ã„ã‚‰ã‚Œãªã„),canâ€™t afford to; unable to ~
N2,ğŸ’ª,tewa naranai (ã¦ã¯ãªã‚‰ãªã„),must not; cannot; should not ~
N2,ğŸ“,tewa~tewa (ã¦ã¯ï½ã¦ã¯),repetitive situations/actions
N2,â±ï¸,to douji ni (ã¨åŒæ™‚ã«ï¼ˆã¨ã©ã†ã˜ã«ï¼‰),at the same time as; while; simultaneously ~
N2,ğŸ“Œ,to itta (ã¨ã„ã£ãŸ),like; such as ~
N2,ğŸ‘‰,to iu fuu ni (ã¨ã„ã†ãµã†ã«),in such a way that ~
N2,ğŸ’¬,to iu koto wa (ã¨ã„ã†ã“ã¨ã¯),that is to say; so that means; in other words ~
N2,ğŸ“Œ,to iu mono da (ã¨ã„ã†ã‚‚ã®ã ),something like; something called ~
N2,âŒ,to iu mono dewa nai (ã¨ã„ã†ã‚‚ã®ã§ã¯ãªã„),there is no guarantee thatâ€¦; not necessarily ~
N2,ğŸ’ª,to kangaerareru (ã¨è€ƒãˆã‚‰ã‚Œã‚‹ï¼ˆã¨ã‹ã‚“ãŒãˆã‚‰ã‚Œã‚‹ï¼‰),one can think that; it is conceivable that; considered ~
N2,ğŸ“,toka (de) (ã¨ã‹ï¼ˆã§ï¼‰),I heard that ~
N2,âœ”ï¸,tokku ni (ã¨ã£ãã«),long ago; already; a long time ago
N2,ğŸ†,tokoro datta (ã¨ã“ã‚ã ã£ãŸ),was just about to do something; something almost happened
N2,1ï¸âƒ£,tokoro ni (ã¨ã“ã‚ã«),at the time; just as I was ~
N2,ğŸ“,tokoro o miru to (ã¨ã“ã‚ã‚’è¦‹ã‚‹ã¨ï¼ˆã¨ã“ã‚ã‚’ã¿ã‚‹ã¨ï¼‰),judging from; seeing that ~
N2,â“,tomo (ã¨ã‚‚),even if; no matter (who; what; when; where; why; how); though ~
N2,âŒ,toshite~nai (ã¨ã—ã¦ï½ãªã„),not at all; there is not even one
N2,â“,toshitemo (ã¨ã—ã¦ã‚‚),assuming; even if ~
N2,â±ï¸,tsutsu (ã¤ã¤),while; even though; despite ~
N2,â¡ï¸,tsutsu aru (ã¤ã¤ã‚ã‚‹),to be doing; to be in the process of doing ~
N2,ğŸ“…,ue wa (ä¸Šã¯ï¼ˆã†ãˆã¯ï¼‰),now that; since; as long as ~
N2,ğŸ‘Œ,wa moto yori (ã¯ã‚‚ã¨ã‚ˆã‚Š),also; let alone; from the beginning
N2,ğŸ¤”,wa tomokaku (ã¯ã¨ã‚‚ã‹ã),anyhow; anyway; regardless; in any case; whether or not ~
N2,1ï¸âƒ£,wazuka ni (ã‚ãšã‹ã«),slightly; only; barely; narrowly ~
N2,â®ï¸,yagate (ã‚„ãŒã¦),before long; soon; almost; eventually ~
N2,â¡ï¸,yara~yara (ã‚„ã‚‰ï½ã‚„ã‚‰),such things as A and B; A and B and so on ~
N2,â€¼ï¸,yohodo / yoppodo (ã‚ˆã»ã© / ã‚ˆã£ã½ã©),very; greatly; much; to a large extent
N2,â¡ï¸,yori (ã‚ˆã‚Š [2]),from~ (a time; place; or person)
N2,âš ï¸,yori hoka nai (ã‚ˆã‚Šã»ã‹ãªã„),to have no choice but ~
N2,â“,you dewa (ã‚ˆã†ã§ã¯),if ~ (bad result)
N2,ğŸ‘Œ,you dewa nai ka (ã‚ˆã†ã§ã¯ãªã„ã‹),letâ€™s do (something); why donâ€™t we ~
N2,ğŸ¤”,you ka~mai ka (ã‚ˆã†ã‹ï½ã¾ã„ã‹),whether or not; considering options
N2,â¡ï¸,you suru ni (è¦ã™ã‚‹ã«ï¼ˆã‚ˆã†ã™ã‚‹ã«ï¼‰),in short; in a word; to sum up; to put it simply ~
N2,âš ï¸,zaru o enai (ã–ã‚‹ã‚’å¾—ãªã„ï¼ˆã–ã‚‹ã‚’ãˆãªã„ï¼‰),cannot help (doing); have no choice but to ~
N2,ğŸ“¥,zu ni sumu (ãšã«æ¸ˆã‚€ ï¼ˆãšã«ã™ã‚€ï¼‰),get by without doing ~
N3,ğŸ,ageru (ä¸Šã’ã‚‹ï¼ˆã‚ã’ã‚‹ï¼‰),to finish doing ~
N3,â¡ï¸,amari (ã‚ã¾ã‚Š),so muchâ€¦ that
N3,â¡ï¸,amari ni mo (ã‚ã¾ã‚Šã«ã‚‚),too much; so muchâ€¦ that; excessively ~
N3,â¡ï¸,au (åˆã†ï¼ˆã‚ã†ï¼‰),do something together
N3,â“,ba ii (ã°ã„ã„),should; can; itâ€™d be good if ~
N3,â“,ba yokatta (ã°ã‚ˆã‹ã£ãŸ),should have; would have been better if ~
N3,â•,ba~hodo (ã°ï½ã»ã©),the moreâ€¦ the more ~
N3,â“,ba~noni (ã°ï½ã®ã«),would have; should have; if only ~
N3,1ï¸âƒ£,bakari de (ã°ã‹ã‚Šã§),only; just ~ (negative description)
N3,âš ï¸,bakari denaku (ã°ã‹ã‚Šã§ãªã),not only... but also; as well as ~
N3,â€¼ï¸,beki da (ã¹ãã ),should do; must do ~
N3,â€¼ï¸,beki dewa nai (ã¹ãã§ã¯ãªã„),should not do; must not do ~
N3,â­,betsu ni~nai (åˆ¥ã«ï½ãªã„ï¼ˆã¹ã¤ã«ï½ãªã„ï¼‰),not really; not particularly
N3,ğŸ“¥,buri ni (ã¶ã‚Šã«),for the first time in (period of time)
N3,â³,chuu / juu (ä¸­ï¼ˆã¡ã‚…ã†ï¼‰),currently; during; at some point; throughout; before the end of ~
N3,ğŸ“,dake (ã ã‘),as much as ~
N3,âš ï¸,dake de naku (ã ã‘ã§ãªã),not onlyâ€¦ but also ~
N3,âš ï¸,dakedo (ã ã‘ã©),but; however; although; regarding ~
N3,ğŸ’ª,darake (ã ã‚‰ã‘),full of; covered with; a lot of (something undesirable)
N3,ğŸš«,donna ni~temo (ã©ã‚“ãªã«ï½ã¦ã‚‚),no matter how (much)
N3,â­ï¸,doushitemo (ã©ã†ã—ã¦ã‚‚),no matter what; at any cost; after all ~
N3,â“,furi o suru (ãµã‚Šã‚’ã™ã‚‹),to pretend; to act as if ~
N3,ğŸ“¥,futo (ãµã¨),suddenly; accidentally; unexpectedly; unintentionally ~
N3,ğŸ”š,gachi (ãŒã¡),tend to; tendency to; frequently; often; to do something easily
N3,â“,gatai (ãŒãŸã„),very difficult to; hard to ~
N3,ğŸ“Œ,gimi (æ°—å‘³ï¼ˆãã¿ï¼‰),-like; -looking; -looked; tending to ~
N3,â€¼ï¸,goto ni (ã”ã¨ã«),each; every; at intervals of ~
N3,ğŸ“,hodo (ã»ã©),degree; extent; bounds; upper limit
N3,âŒ,hodo~nai (ã»ã©ï½ãªã„),is not asâ€¦ as ~
N3,ğŸ“,ichido ni (ä¸€åº¦ã«ï¼ˆã„ã¡ã©ã«ï¼‰),all at once
N3,ğŸš«,ikura~temo (ã„ãã‚‰ï½ã¦ã‚‚),no matter how ~
N3,â•,ippou da (ä¸€æ–¹ã ï¼ˆã„ã£ã½ã†ã ï¼‰),more and more; continue to ~
N3,â—,ittai (ä¸€ä½“ï¼ˆã„ã£ãŸã„ï¼‰),emphasis; what on earth; what in the world
N3,ğŸ“Œ,janai (ã˜ã‚ƒãªã„),maybe; most likely; confirmation of information; express surprise towards listener
N3,â¡ï¸,ka nani ka (ã‹ä½•ã‹ï¼ˆã‹ãªã«ã‹ï¼‰),or something ~
N3,â³,kakeru (ã‹ã‘ã‚‹),half-; not yet finished; in the middle of~
N3,â¡ï¸,kara~ni kakete (ã‹ã‚‰ã€œã«ã‹ã‘ã¦),through; from [A] to [B]
N3,ğŸ”„,kawari ni (ä»£ã‚ã‚Šã«ï¼ˆã‹ã‚ã‚Šã«ï¼‰),instead of; as a substitute forâ€‹; in exchange for; in return for
N3,â­ï¸,kekka (çµæœï¼ˆã‘ã£ã‹ï¼‰),as a result of; after ~
N3,â­ï¸,kekkyoku (çµå±€ï¼ˆã‘ã£ãã‚‡ãï¼‰),after all; eventually; in the end ~
N3,ğŸš«,kesshite~nai (æ±ºã—ã¦ï½ãªã„ï¼ˆã‘ã£ã—ã¦ï½ãªã„ï¼‰),never; by no means ~
N3,ğŸ’ª,kirenai (åˆ‡ã‚Œãªã„ï¼ˆãã‚Œãªã„ï¼‰),unable to do; too much to finish/complete
N3,â­ï¸,kiri (ãã‚Š),only; just; since; after ~
N3,ğŸ‘Œ,kiru (åˆ‡ã‚‹ï¼ˆãã‚‹ï¼‰),to do something completely to the end
N3,ğŸ’ª,kke (ã£ã‘),a casual suffix to confirm something you are trying to remember
N3,â¡ï¸,komu (è¾¼ã‚€ï¼ˆã“ã‚€ï¼‰),to do something for a long time or to move something inside
N3,âœ”ï¸,koso (ã“ã),for sure (emphasize preceding word); precisely; definitely ~
N3,â€¼ï¸,koto (ã“ã¨),(must) do
N3,ğŸ“,koto kara (ã“ã¨ã‹ã‚‰),from the fact that ~
N3,ğŸ’¬,koto ni natteiru (ã“ã¨ã«ãªã£ã¦ã„ã‚‹),expresses a standard; rule or expectation
N3,âœ…,koto wa nai (ã“ã¨ã¯ãªã„),there is no need to; (something) never happens; there is no possibility that ~
N3,âš ï¸,koto wa~ga (ã“ã¨ã¯ï½ãŒ),although; but ~
N3,ğŸ“,kurai / gurai (ãã‚‰ã„ / ãã‚‰ã„),approximately; about; around; to the extent ~
N3,ğŸ’ª,kuse ni (ãã›ã«),and yet; though; in spite of; despite ~
N3,â“,maru de (ã¾ã‚‹ã§),as if; as though; just like ~
N3,ğŸ²,masaka (ã¾ã•ã‹),there's no way; that's impossible; you must be joking
N3,ğŸ’ª,metta ni~nai (ã‚ã£ãŸã«ï½ãªã„),hardly; rarely; seldom
N3,ğŸš«,mo~ba~mo (ã‚‚ï½ã°ï½ã‚‚),and; also; as well; either/or; neither/nor
N3,ğŸ¤”,moshika shitara (ã‚‚ã—ã‹ã—ãŸã‚‰),perhaps; maybe; perchance; by any chance ~
N3,â“,moshimo~tara (ã‚‚ã—ã‚‚ã€œãŸã‚‰),if; in the case; supposing ~
N3,ğŸ”š,muke (å‘ã‘ï¼ˆã‚€ã‘ï¼‰),intended for; aimed at ~
N3,ğŸ’ª,muki (å‘ãï¼ˆã‚€ãï¼‰),suitable for ~
N3,â¬†ï¸,mushiro (ã‚€ã—ã‚),rather; instead; better ~
N3,âš ï¸,nagara mo (ãªãŒã‚‰ã‚‚),but; although; despite ~
N3,ğŸ’ª,nai koto wa nai (ãªã„ã“ã¨ã¯ãªã„),can do; is not impossible to ~
N3,â“,naito (ãªã„ã¨),must do; unless/if you don't ~
N3,â†”ï¸,nakanaka (ãªã‹ãªã‹),very; quite; pretty; rather; just not ~
N3,â“,nanka / nante / nado (ãªã‚“ã‹ / ãªã‚“ã¦ / ãªã©),give examples; show modesty; make light of ~
N3,ğŸ”,naosu (ç›´ã™ï¼ˆãªãŠã™ï¼‰),to do something again; to do over
N3,ğŸ²,naru beku (ãªã‚‹ã¹ã),as much as possible
N3,â“,nazenara (ãªãœãªã‚‰),because; the reason is; if you want to know why
N3,ğŸ“,ndatte (ã‚“ã ã£ã¦),I hear that; heard that ~
N3,ğŸ¤”,ni chigai nai (ã«é•ã„ãªã„ï¼ˆã«ã¡ãŒã„ãªã„ï¼‰),Iâ€™m sure/ certain; no doubt that ~
N3,â†©ï¸,ni hanshite (ã«åã—ã¦ï¼ˆã«ã¯ã‚“ã—ã¦ï¼‰),against; contrary to; in contrast to ~
N3,ğŸ“„,ni kakete (ã«ã‹ã‘ã¦),over (a period); through; concerning; regarding ~
N3,ğŸ“‹,ni kan suru / ni kan shite (ã«é–¢ã™ã‚‹ / ã«é–¢ã—ã¦ï¼ˆã«ã‹ã‚“ã™ã‚‹ / ã«ã‹ã‚“ã—ã¦ï¼‰),about; regarding; related to ~
N3,ğŸ”„,ni kawatte / ni kawari (ã«ã‹ã‚ã£ã¦ / ã«ã‹ã‚ã‚Š),instead of; replacing; on behalf of ~
N3,âš–ï¸,ni kurabete (ã«æ¯”ã¹ã¦ï¼ˆã«ãã‚‰ã¹ã¦ï¼‰),compared to; in comparison to ~
N3,â¡ï¸,ni nareru (ã«æ…£ã‚Œã‚‹ï¼ˆã«ãªã‚Œã‚‹ï¼‰),to be used to something
N3,ğŸ“„,ni oite / ni okeru (ã«ãŠã„ã¦ / ã«ãŠã‘ã‚‹),in; at (place); regarding; as for; in relation to ~
N3,â¡ï¸,ni shitagatte (ã«ã—ãŸãŒã£ã¦),as; therefore; in accordance with; according to; consequently ~
N3,â“,ni shite mo (ã«ã—ã¦ã‚‚),even if; even though; regardless of ~
N3,ğŸ¤”,ni shite wa (ã«ã—ã¦ã¯),for; considering itâ€™s (something or someone)
N3,ğŸš«,ni taishite (ã«å¯¾ã—ã¦ï¼ˆã«ãŸã„ã—ã¦ï¼‰),towards; against; regarding; in contrast withâ€‹ ~
N3,ğŸ“„,ni totte (ã«ã¨ã£ã¦),to; for; concerning; as far as ... is concerned; regarding ~
N3,ğŸ“‹,ni tsuite (ã«ã¤ã„ã¦),concerning; regarding; about; on ~
N3,â¡ï¸,ni tsurete (ã«ã¤ã‚Œã¦),as; in proportion to; with; asâ€¦ then ~
N3,ğŸ¯,ni wa (ã«ã¯),for the purpose of; in order to ~
N3,â¡ï¸,ni yoru to/ni yoreba (ã«ã‚ˆã‚‹ã¨ /ã«ã‚ˆã‚Œã°),according to ~
N3,ğŸ’¡,ni yotte / ni yoru (ã«ã‚ˆã£ã¦ / ã«ã‚ˆã‚‹),by means of; due to; owing to; because of ~
N3,â“,no deshou ka (ã®ã§ã—ã‚‡ã†ã‹),ask a question in a polite way
N3,ğŸ¯,o chuushin ni (ã‚’ä¸­å¿ƒã«ï¼ˆã‚’ã¡ã‚…ã†ã—ã‚“ã«ï¼‰),focused on; centered on
N3,ğŸ“¥,o hajime (ã‚’ã¯ã˜ã‚),for example; starting with ~
N3,ğŸ¥›,o komete (ã‚’è¾¼ã‚ã¦ï¼ˆã‚’ã“ã‚ã¦ï¼‰),filled with; full of
N3,ğŸ“¤,o tsuujite / o tooshite (ã‚’é€šã˜ã¦ / ã‚’é€šã—ã¦ï¼ˆã‚’ã¤ã†ã˜ã¦ / ã‚’ã¨ãŠã—ã¦ï¼‰),through; via; throughout; by ~
N3,ğŸ’¡,okage de (ãŠã‹ã’ã§),thanks to; owing to; because of ~
N3,â¸ï¸,ppanashi (ã£ã±ãªã—),leaving (something) on; leaving (something) still in useâ€‹
N3,ğŸ“Œ,ppoi (ã£ã½ã„),seems like; somewhat; -ish; easily does; often does ~
N3,âŒ,sae (ã•ãˆ),even; so much as; not even
N3,â“,sae~ba (ã•ãˆï½ã°),if only; as long as ~
N3,â°,sai ni (éš›ã«ï¼ˆã•ã„ã«ï¼‰),when; at the time of; in the case of ~
N3,â±ï¸,saichuu ni (æœ€ä¸­ã«ï¼ˆã•ã„ã¡ã‚…ã†ã«ï¼‰),while; during; in the middle of ~
N3,â•,sara ni (ã•ã‚‰ã«),furthermore; again; more and more ~
N3,ğŸš«,sate (ã•ã¦),conjunction: well; now; then ~
N3,ğŸ’¡,sei de (ã›ã„ã§),because of; due to; as a result of ~
N3,ğŸ†,seizei (ã›ã„ãœã„),at the most; at best; to the utmost
N3,â±ï¸,shibaraku (ã—ã°ã‚‰ã),for a moment; for a while; for the time being
N3,âš ï¸,shikanai (ã—ã‹ãªã„),have no choice but ~
N3,ğŸ’¡,sono tame ni (ãã®ãŸã‚ã«),hence; for that reason; because of ~
N3,ğŸ”€,soretomo (ãã‚Œã¨ã‚‚),or; or else ~
N3,ğŸ“Œ,sou mo nai /sou ni nai (ãã†ã‚‚ãªã„ /ãã†ã«ãªã„),very unlikely to; showing no signs of ~
N3,âœ”ï¸,sude ni (ã™ã§ã«),something has already been done/taken place; is already the case
N3,ğŸ“¥,sunawachi (ã™ãªã‚ã¡),in other words; namely ~
N3,ğŸ“,suuryou + wa (æ•°é‡ + ã¯ï¼ˆã™ã†ã‚Šã‚‡ã† + ã¯ï¼‰),at least ~
N3,â¡ï¸,ta mono da (ãŸã‚‚ã®ã ),used to do; would often do
N3,âš¡,ta totan (ãŸã¨ãŸã‚“),as soon as; just as ~
N3,â°,tabi ni (ãŸã³ã«),whenever; every time ~
N3,ğŸ’¡,tame ni (ãŸã‚ã«),for; in order to; for the benefit of; because of; as a result of ~
N3,âœ”ï¸,tashika ni (ç¢ºã‹ã«ï¼ˆãŸã—ã‹ã«ï¼‰),surely; certainly ~
N3,1ï¸âƒ£,tate (ãŸã¦),just done; freshly done; newly done
N3,â“,tatoe~temo (ãŸã¨ãˆï½ã¦ã‚‚),even ifâ€¦ is the case
N3,ğŸ“¥,tatoeba (ä¾‹ãˆã°ï¼ˆãŸã¨ãˆã°ï¼‰),for example; for instance ~
N3,â“,tatte (ãŸã£ã¦),even if; even though; no matter how ~
N3,âš ï¸,te bakari iru (ã¦ã°ã‹ã‚Šã„ã‚‹),only; nothing but ~
N3,ğŸ’ª,te goran (ã¦ã”ã‚‰ã‚“),(please) try to; (please) look
N3,â­ï¸,te hajimete (ã¦ã¯ã˜ã‚ã¦),not until; only after [x] did I
N3,ğŸ’ª,te kara de nai to (ã¦ã‹ã‚‰ã§ãªã„ã¨),must first do; cannot do without first doing ~
N3,âš ï¸,te shou ga nai/te shikata ga nai (ã¦ã—ã‚‡ã†ãŒãªã„ãƒ»ã¦ã—ã‹ãŸãŒãªã„),can't help but; very; extremely ~
N3,ğŸš«,te sumu (ã¦æ¸ˆã‚€ï¼ˆã¦ã™ã‚€ï¼‰),sufficient by; no problem to; resolve by ~
N3,ğŸ¯,te wa ikenai kara (ã¦ã¯ã„ã‘ãªã„ã‹ã‚‰),in order to not~; to prevent a negative situation
N3,ğŸš«,teiru baai janai (ã¦ã„ã‚‹å ´åˆã˜ã‚ƒãªã„ï¼ˆã¦ã„ã‚‹ã°ã‚ã„ã˜ã‚ƒãªã„ï¼‰),this is no time to be doing ~
N3,ğŸ”„,teki (çš„ï¼ˆã¦ãï¼‰),change noun into na-adjective or adverb
N3,â“,temo hajimaranai (ã¦ã‚‚å§‹ã¾ã‚‰ãªã„ï¼ˆã¦ã‚‚ã¯ã˜ã¾ã‚‰ãªã„ï¼‰),even if you... itâ€™s no use; there is no point to ~
N3,â“,temo kamawanai (ã¦ã‚‚æ§‹ã‚ãªã„ï¼ˆã¦ã‚‚ã‹ã¾ã‚ãªã„ï¼‰),it doesn't matter if ~
N3,ğŸ’ª,temo shou ga nai / temo shikata ga nai (ã¦ã‚‚ã—ã‚‡ã†ãŒãªã„ / ã¦ã‚‚ã—ã‹ãŸãŒãªã„),there's no point to~; it's no use to~; it cannot be helped
N3,â“,to ieba (ã¨è¨€ãˆã°ï¼ˆã¨ã„ãˆã°ï¼‰),speaking of; when you talk of; when you say; if it were the case that ~
N3,â“,to ii / tara ii (ã¨ã„ã„ / ãŸã‚‰ã„ã„),it would be nice if; should; I hope ~
N3,ğŸ”€,to ittemo (ã¨ã„ã£ã¦ã‚‚),although I say; although one might say ~
N3,ğŸ“,to iu koto da (ã¨ã„ã†ã“ã¨ã ),I heard; it means that; in other words ~
N3,ğŸ’¡,to iu nowa (ã¨ã„ã†ã®ã¯),this means; the meaning of â€¦ is; because; that is to say ~
N3,â°,to iu to (ã¨è¨€ã†ã¨ï¼ˆã¨ã„ã†ã¨ï¼‰),speaking of; when you talk of; when you say ~
N3,âš–ï¸,to iu yori (ã¨ã„ã†ã‚ˆã‚Š),rather than ~
N3,ğŸ‘€,to mieru / to miete (ã¨ã¿ãˆã‚‹ / ã¨ã¿ãˆã¦),it seems that ~
N3,â“,to sureba / to shitara / to suru to (ã¨ã™ã‚Œã°ãƒ»ã¨ã—ãŸã‚‰ãƒ»ã¨ã™ã‚‹ã¨),in the case of~; assuming~; if A then B
N3,â²ï¸,to tomo ni (ã¨å…±ã«ï¼ˆã¨ã¨ã‚‚ã«ï¼‰),together with; at the same time as; as well as ~
N3,ğŸ“¥,tochuu de / tochuu ni (é€”ä¸­ã§/é€”ä¸­ã«ï¼ˆã¨ã¡ã‚…ã†ã§/ã¨ã¡ã‚…ã†ã«ï¼‰),on the way; in the middle of ~
N3,ğŸ›¤ï¸,tokoro de (ã¨ã“ã‚ã§),by the way ~
N3,âš ï¸,tokoro ga (ã¨ã“ã‚ãŒ),even so; however; even though ~
N3,ğŸ“¥,toori ni (ã¨ãŠã‚Šã«),in the same way as; in the way; as ~
N3,â¸ï¸,toosu (é€šã™ï¼ˆã¨ãŠã™ï¼‰),to do until the end; to continually do; through ~
N3,ğŸ“¥,toshite (ã¨ã—ã¦),as; in the role of ~
N3,ğŸ’ª,totemo~nai (ã¨ã¦ã‚‚ï½ãªã„),cannot possibly be; hardly ~
N3,âŒ,towa kagiranai (ã¨ã¯é™ã‚‰ãªã„ï¼ˆã¨ã¯ã‹ãã‚‰ãªã„ï¼‰),not necessarily so; is not always true
N3,ğŸ“¥,tsui (ã¤ã„),accidentally; unintentionally; by mistake
N3,ğŸ”š,tsui ni (ã¤ã„ã«),finally; at last; in the end ~
N3,â±ï¸,tsuide ni (ã¤ã„ã§ã«),while; incidentally; at the same time; on the way ~
N3,ğŸ“¥,tsumari (ã¤ã¾ã‚Š),in other words; in summary; in short ~
N3,ğŸ”š,tsumori datta (ã¤ã‚‚ã‚Šã ã£ãŸ),I thought I~; I believe I~; was planning to~; was intending to ~
N3,ğŸ“¥,tsumori de (ã¤ã‚‚ã‚Šã§),with the intention of doing ~
N3,â±ï¸,uchi ni (ã†ã¡ã«),while; before ~
N3,â°,ue de (ä¸Šã§ï¼ˆã†ãˆã§ï¼‰),upon; after; when; for; in order to
N3,âš ï¸,ue ni (ä¸Šã«ï¼ˆã†ãˆã«ï¼‰),as well; besides; in addition to; not onlyâ€¦ but also ~
N3,ğŸ¤”,wa betsu toshite (ã¯åˆ¥ã¨ã—ã¦ï¼ˆã¯ã¹ã¤ã¨ã—ã¦ï¼‰),aside from; apart from; except for; whether or not ~
N3,âš ï¸,wa mochiron (ã¯ã‚‚ã¡ã‚ã‚“),not to mention; not only ... but also ~
N3,â¡ï¸,wa~de yuumei (ã¯ï½ã§æœ‰åï¼ˆã¯ï½ã§ã‚†ã†ã‚ã„ï¼‰),famous for ~
N3,ğŸ§ ,wake da (ã‚ã‘ã ),for that reason; no wonder; as youâ€™d expect; the fact is; so you mean ~
N3,âŒ,wake dewa nai (ã‚ã‘ã§ã¯ãªã„),it doesnâ€™t mean that; it is not the case that; I donâ€™t mean that; it is not true that ~
N3,ğŸ²,wake ga nai (ã‚ã‘ãŒãªã„),there is no way that; it is impossible to ~
N3,âš ï¸,wake niwa ikanai (ã‚ã‘ã«ã¯ã„ã‹ãªã„),must not; cannot afford to; must; have no choice but to ~
N3,ğŸ’ª,wari ni (å‰²ã«ï¼ˆã‚ã‚Šã«ï¼‰),considering ~; for ~; despite ~
N3,ğŸ¯,wazato (ã‚ã–ã¨),on purpose; intentionally ~
N3,â¡ï¸,wazawaza (ã‚ã–ã‚ã–),to go to the trouble of; to go out of one's way to ~
N3,âš–ï¸,yorimo (ã‚ˆã‚Šã‚‚),in comparison to; rather than; more than ~
N3,ğŸ²,you ga nai (ã‚ˆã†ãŒãªã„),there is no way to; itâ€™s impossible to ~
N3,ğŸ“Œ,you na ki ga suru (ã‚ˆã†ãªæ°—ãŒã™ã‚‹ï¼ˆã‚ˆã†ãªããŒã™ã‚‹ï¼‰),have a feeling that; feels like; seems like; think that ~
N3,ğŸ¯,you ni (ã‚ˆã†ã«),in order to; so that ~
N3,ğŸ‘€,you ni mieru (ã‚ˆã†ã«è¦‹ãˆã‚‹ï¼ˆã‚ˆã†ã«ã¿ãˆã‚‹ï¼‰),to look; to seem; to appear ~
N3,ğŸ’ª,you to shinai (ã‚ˆã†ã¨ã—ãªã„),not try to; not make an effort to ~
N3,ğŸ’ª,you to suru (ã‚ˆã†ã¨ã™ã‚‹),try to; attempt to; be about to ~
N3,ğŸ“¥,zuni (ãšã«),without doing ~
N3,âš ï¸,zuni wa irarenai (ãšã«ã¯ã„ã‚‰ã‚Œãªã„),canâ€™t help but feel; canâ€™t help but do; must do ~
N3,ğŸ“,zutsu (ãšã¤),apiece; each; at a time
N4,â±ï¸,aida (é–“ï¼ˆã‚ã„ã ï¼‰),while; during; between ~
N4,â±ï¸,aida ni (é–“ã«ï¼ˆã‚ã„ã ã«ï¼‰),while; during~ something happened
N4,â€¼ï¸,amari~nai (ã‚ã¾ã‚Šï½ãªã„),not very; not much ~
N4,â­ï¸,ato de (å¾Œã§ï¼ˆã‚ã¨ã§ï¼‰),after~; later
N4,â“,ba (ã°),conditional form; If [A] then [B]
N4,ğŸ“,baai wa (å ´åˆã¯ï¼ˆã°ã‚ã„ã¯ï¼‰),in the event of; in the case that ~
N4,âš ï¸,bakari (ã°ã‹ã‚Š),only; nothing but ~
N4,1ï¸âƒ£,dake de (ã ã‘ã§),just by; just by doing
N4,â¡ï¸,dasu (å‡ºã™ï¼ˆã ã™ï¼‰),to begin to; to start to; to burst into; ... out (e.g. to jump out; to carry out)â€‹
N4,â“,de gozaimasu (ã§ã”ã–ã„ã¾ã™),to be (honorific)
N4,â¡ï¸,demo (ã§ã‚‚),... or something; how about~
N4,â“,dewa nai ka (ã§ã¯ãªã„ã‹),right?; isn't it?
N4,âœ…,ga hitsuyou (ãŒå¿…è¦ï¼ˆãŒã²ã¤ã‚ˆã†ï¼‰),need; necessary
N4,â¡ï¸,ga suru (ãŒã™ã‚‹),to smell; hear; taste
N4,ğŸ”š,gari (ãŒã‚Š),personality (someone tends to; has a tendency to; has a sensitivity to ~)
N4,ğŸ‘ï¸,garu / gatteiru (ãŒã‚‹ / ãŒã£ã¦ã„ã‚‹),to show signs of; to appear; to feel; to think ~
N4,â¡ï¸,gozaimasu (ã”ã–ã„ã¾ã™),to be; to exist (the polite form of ã„ã‚‹/ã‚ã‚‹)
N4,â¡ï¸,hajimeru (å§‹ã‚ã‚‹ï¼ˆã¯ã˜ã‚ã‚‹ï¼‰),to start; to begin to ~
N4,â€¼ï¸,hazu da (ã¯ãšã ),it must be; it should be (expectation)
N4,ğŸ’ª,hazu ga nai (ã¯ãšãŒãªã„),cannot be (impossible)
N4,âœ…,hitsuyou ga aru (å¿…è¦ãŒã‚ã‚‹ï¼ˆã²ã¤ã‚ˆã†ãŒã‚ã‚‹ï¼‰),need to; it is necessary to
N4,ğŸ‘Œ,ikou kei - volitional form (æ„å‘å½¢ ï¼ˆã„ã“ã†ã‘ã„ï¼‰),volitional formâ€‹; let's do ~
N4,â¡ï¸,irassharu (ã„ã‚‰ã£ã—ã‚ƒã‚‹),to be; to come; to go (polite version)
N4,â¡ï¸,itashimasu (ã„ãŸã—ã¾ã™),to do (polite form of ã™ã‚‹)
N4,ğŸ‘Œ,janai ka (ã˜ã‚ƒãªã„ã‹),right? isn't it? let's~; confirmation
N4,ğŸ¤”,ka dou ka (ã‹ã©ã†ã‹),whether or not ~
N4,ğŸ’­,ka shira (ã‹ã—ã‚‰),I wonder (feminine)
N4,â“,kai (ã‹ã„),turns a sentence into a yes/no question
N4,ğŸ¤”,kamo shirenai (ã‹ã‚‚ã—ã‚Œãªã„),might; perhaps; indicates possibility
N4,ğŸ’¡,kana (ã‹ãª),I wonder; should I?
N4,â¬…ï¸,kara tsukuru (ã‹ã‚‰ä½œã‚‹ï¼ˆã‹ã‚‰ã¤ãã‚‹ï¼‰),made from; made with
N4,ğŸ“Œ,kitto (ãã£ã¨),surely; undoubtedly; almost certainly; most likely
N4,â°,koro / goro (é ƒï¼ˆã“ã‚ / ã”ã‚ï¼‰),around; about; when
N4,ğŸš«,koto (ã“ã¨),Verb nominalizer
N4,â°,koto ga aru (ã“ã¨ãŒã‚ã‚‹),there are times when
N4,ğŸ’ª,koto ga dekiru (ã“ã¨ãŒã§ãã‚‹),can; able to
N4,ğŸ“,koto ni naru (ã“ã¨ã«ãªã‚‹),It has been decided that..; it turns out that..
N4,â¡ï¸,koto ni suru (ã“ã¨ã«ã™ã‚‹),to decide on
N4,â¡ï¸,ku suru (ãã™ã‚‹),to make something ~
N4,âš¡,kyuu ni (æ€¥ã«ï¼ˆãã‚…ã†ã«ï¼‰),quickly; immediately; hastily; suddenly; abruptly; unexpectedly ~
N4,ğŸ“,made ni (ã¾ã§ã«),by; by the time; indicates time limit
N4,ğŸ“,mama (ã¾ã¾),as it is; current state; without changing
N4,â†”ï¸,matawa (ã¾ãŸã¯),both; or; otherwiseâ€‹; choice between [A] or [B]
N4,ğŸ“Œ,mitai da (ã¿ãŸã„ã ),like; similar to; resembling ~
N4,ğŸ“Œ,mitai na (ã¿ãŸã„ãª),like; similar to ~
N4,ğŸ“Œ,mitai ni (ã¿ãŸã„ã«),like; similar to ~
N4,â¡ï¸,mo (ã‚‚),as many as; as much as; up to; nearly ~
N4,âŒ,na (ãª),donâ€™t ~ (order somebody to not do something)
N4,ğŸ“Œ,nado (ãªã©),such as; things like ~
N4,â±ï¸,nagara (ãªãŒã‚‰),while; during; as; simultaneously
N4,ğŸ’ª,nakanaka~nai (ãªã‹ãªã‹ï½ãªã„),not easy to; struggling to; not able to ~
N4,â€¼ï¸,nakereba ikenai (ãªã‘ã‚Œã°ã„ã‘ãªã„),must do something; have to do something
N4,â€¼ï¸,nakereba naranai (ãªã‘ã‚Œã°ãªã‚‰ãªã„),must do something; have to do something
N4,â“,nara (ãªã‚‰),if; in the case that ~
N4,â¡ï¸,nasai (ãªã•ã„),do this (soft/firm command)
N4,â“,nasaru (ãªã•ã‚‹),to do (honorific)
N4,âŒ,ni ki ga tsuku (ã«æ°—ãŒã¤ãï¼ˆã«ããŒã¤ãï¼‰),to notice; to realize
N4,ğŸ‘€,ni mieru (ã«è¦‹ãˆã‚‹ï¼ˆã«ã¿ãˆã‚‹ï¼‰),to look; to seem; to appear
N4,â¡ï¸,ni suru (ã«ã™ã‚‹),to make something ~
N4,â“,nikui (ã«ãã„),difficult to do ~
N4,ğŸ“¥,no naka de (ã®ä¸­ã§ï¼ˆã®ãªã‹ã§ï¼‰),in; among ~
N4,ğŸ”€,noni (ã®ã«),although; in spite of; even though ~
N4,ğŸ¯,noni (ã®ã«),to (do something); in order to ~
N4,ğŸ§ ,nowa~da (ã®ã¯ã€œã ),[A] is [B]; the reason for [A] is [B]
N4,â“,o~kudasai (ãŠï½ãã ã•ã„),please do ~ (honorific)
N4,â“,o~ni naru (ãŠï½ã«ãªã‚‹),to do (honorific)
N4,â€¼ï¸,oki ni (ãŠãã«),repeated at intervals; every ~
N4,ğŸ,owaru (çµ‚ã‚ã‚‹ï¼ˆãŠã‚ã‚‹ï¼‰),to finish; to end~
N4,â¡ï¸,rareru (ã‚‰ã‚Œã‚‹),potential form; ability or inability to do something
N4,ğŸ“Œ,rashii (ã‚‰ã—ã„),it seems like; I heard; apparently ~
N4,ğŸš«,sa (ã•),-nessâ€‹ ; nominalizer for adjective
N4,1ï¸âƒ£,sakki (ã•ã£ã),some time ago; just now
N4,â¡ï¸,saserareru (ã•ã›ã‚‰ã‚Œã‚‹),causative-passive; to be made to do something
N4,ğŸ‘Œ,saseru (ã•ã›ã‚‹),causative form; to make/let somebody do something
N4,ğŸ‘Œ,sasete kudasai (ã•ã›ã¦ãã ã•ã„),please let me do
N4,â¡ï¸,sasuga (ã•ã™ãŒ),as one would expect; as is to be expected; even ~
N4,â•,shi (ã—),and; and whatâ€™s more ~ (emphasis)
N4,ğŸ“Œ,sonna ni (ãã‚“ãªã«),so much; so; like that
N4,âš ï¸,sore demo (ãã‚Œã§ã‚‚),but still; and yet; even so ~
N4,â•,sore ni (ãã‚Œã«),besides; in addition; also; moreover ~
N4,ğŸ“,sou da [1] (ãã†ã ),I heard that; it is said that ~
N4,ğŸ“Œ,sou da [2] (ãã†ã ),looks like; appears like; seeming ~
N4,ğŸ“Œ,sou ni / sou na (ãã†ã« / ãã†ãª),seems like; looks like ~
N4,1ï¸âƒ£,ta bakari (ãŸã°ã‹ã‚Š),just finished; something just occurred
N4,1ï¸âƒ£,ta tokoro (ãŸã¨ã“ã‚),just finished doing; was just doing
N4,ğŸ“¥,tadoushi & jidoushi (ä»–å‹•è© & è‡ªå‹•è©ï¼ˆãŸã©ã†ã— & ã˜ã©ã†ã—ï¼‰),Transitive & Intransitive Verbs
N4,ğŸ™,tagaru (ãŸãŒã‚‹),wants to do ~ (third person)
N4,â“,tara (ãŸã‚‰),if; after; when ~
N4,ğŸ“‹,tara dou (ãŸã‚‰ã©ã†),why don't you; how about ~ (used to give advice)
N4,ğŸ’¡,tara ii desu ka (ãŸã‚‰ã„ã„ã§ã™ã‹),what should I do?; speaker seeking instructions from listener
N4,ğŸ’¡,te / de (ã¦ / ã§),conjunctive particle; so; because of [A]; [B]...
N4,â¡ï¸,te ageru (ã¦ã‚ã’ã‚‹),to do for; to do a favor
N4,âœ…,te hoshii (ã¦ã»ã—ã„),I want you to; need you to ~
N4,â–¶ï¸,te iku (ã¦ã„ã),to start; to continue; to go on
N4,â¡ï¸,te ita (ã¦ã„ãŸ),was doing something (past continuous)
N4,ğŸ™,te itadakemasen ka (ã¦ã„ãŸã ã‘ã¾ã›ã‚“ã‹),could you please ~
N4,â¡ï¸,te kureru (ã¦ãã‚Œã‚‹),to do a favor; do something for someone
N4,ğŸ”„,te kuru (ã¦ãã‚‹),to doâ€¦ and come back; to become; to continue; to start ~
N4,ğŸ’ª,te miru (ã¦ã¿ã‚‹),try doing
N4,â¡ï¸,te morau (ã¦ã‚‚ã‚‰ã†),to get somebody to do something
N4,â¡ï¸,te oku (ã¦ãŠã),to do something in advance
N4,ğŸ‘Œ,te shimau / chau (ã¦ã—ã¾ã† / ã¡ã‚ƒã†),to do something by accident; to finish completely
N4,â¡ï¸,te sumimasen (ã¦ã™ã¿ã¾ã›ã‚“),Iâ€™m sorry for
N4,â¡ï¸,te yaru (ã¦ã‚„ã‚‹),to do for; to do a favor (casual)
N4,ğŸ“,te yokatta (ã¦ã‚ˆã‹ã£ãŸ),Iâ€™m glad that ~
N4,ğŸ“¥,teiru tokoro (ã¦ã„ã‚‹ã¨ã“ã‚),in the process of doing
N4,â“,temo (ã¦ã‚‚),even; even if; even though ~
N4,â°,to (ã¨),whenever [A] happens; [B] also happens
N4,ğŸ¤”,to ittemo ii (ã¨è¨€ã£ã¦ã‚‚ã„ã„ï¼ˆã¨ã„ã£ã¦ã‚‚ã„ã„ï¼‰),you could say; one might say; I'd say ~
N4,ğŸ“,to iu (ã¨ã„ã†),called; named; that ~
N4,ğŸš«,to iu koto (ã¨ã„ã†ã“ã¨),convert phrase into noun
N4,ğŸ“,to iwarete iru (ã¨è¨€ã‚ã‚Œã¦ã„ã‚‹ï¼ˆã¨ã„ã‚ã‚Œã¦ã„ã‚‹ï¼‰),it is said that ~
N4,ğŸ‘‚,to kiita (ã¨èã„ãŸï¼ˆã¨ãã„ãŸï¼‰),I heard...
N4,ğŸ’­,to omou (ã¨æ€ã†ï¼ˆã¨ãŠã‚‚ã†ï¼‰),to thinkâ€¦; I thinkâ€¦; you thinkâ€¦
N4,ğŸ“Œ,toka~toka (ã¨ã‹ï½ã¨ã‹),among other things; such as; like ~
N4,1ï¸âƒ£,tokoro (ã¨ã“ã‚),just about to; on the verge of doing something
N4,â–¶ï¸,tsuzukeru (ç¶šã‘ã‚‹ï¼ˆã¤ã¥ã‘ã‚‹ï¼‰),continue to; keen on ~
N4,ğŸ“,tte (ã£ã¦),named; called ~
N4,ğŸ”„,ukemi kei (å—èº«å½¢ï¼ˆã†ã‘ã¿ã‘ã„ï¼‰),passive form; passive voice
N4,âš ï¸,wa~ga... wa (ã¯ã€œãŒâ€¦ ã¯),[A] but [B]; however; comparison
N4,ğŸ“Œ,yasui (ã‚„ã™ã„),easy to; likely to; prone to; have a tendency to ~
N4,ğŸ“,yatto (ã‚„ã£ã¨),at last; finally; barely; narrowly ~
N4,âš–ï¸,yori (ã‚ˆã‚Š),than; rather than; more than ~
N4,ğŸ”š,yotei da (äºˆå®šã ï¼ˆã‚ˆã¦ã„ã ï¼‰),plan to; intend to
N4,â“,you da (ã‚ˆã†ã ),appears; seems; looks as if ~
N4,ğŸ“Œ,you ni / you na (ã‚ˆã†ã« / ã‚ˆã†ãª),like; as; similar to ~
N4,â¡ï¸,you ni naru (ã‚ˆã†ã«ãªã‚‹),to reach the point that; to come to be that; to turn into ~
N4,ğŸ’ª,you ni suru (ã‚ˆã†ã«ã™ã‚‹),to try to; to make sure that ~
N4,ğŸ’­,you to omou (ã‚ˆã†ã¨æ€ã†ï¼ˆã‚ˆã†ã¨ãŠã‚‚ã†ï¼‰),thinking of doing; planning to ~
N4,âœ”ï¸,zehi (ãœã²),by all means; certainly; definitely ~
N4,âŒ,zenzen~nai (å…¨ç„¶ï½ãªã„ï¼ˆãœã‚“ãœã‚“ï½ãªã„ï¼‰),(not) at all
N4,â“,zurai (ã¥ã‚‰ã„),difficult to do ~
N5,â€¼ï¸,cha ikenai / ja ikenai (ã¡ã‚ƒã„ã‘ãªã„ãƒ»ã˜ã‚ƒã„ã‘ãªã„),must not do (spoken Japanese)
N5,â¡ï¸,da / desu (ã  / ã§ã™),to be (am; is; are; were; used to)
N5,1ï¸âƒ£,dake (ã ã‘),only; just; as much as ~
N5,ğŸ¤”,darou (ã ã‚ã†),I think; it seems; probably; right?
N5,ğŸ“,de (ã§),in; at; on; by; with; via ~
N5,âš ï¸,demo (ã§ã‚‚),but; however; though ~
N5,ğŸ¤”,deshou (ã§ã—ã‚‡ã†),I think; it seems; probably; right?
N5,â¡ï¸,donna (ã©ã‚“ãª),what kind of; what sort of
N5,ğŸ§ ,doushite (ã©ã†ã—ã¦),why; for what reason; how
N5,ğŸ“,douyatte (ã©ã†ã‚„ã£ã¦),how; in what way; by what meansâ€‹
N5,âš ï¸,ga (ãŒ),subject marker; however; but ~
N5,ğŸš«,ga arimasu (ãŒã‚ã‚Šã¾ã™),there is; is (non-living things)
N5,ğŸ™,ga hoshii (ãŒã»ã—ã„),to want something
N5,â¡ï¸,ga imasu (ãŒã„ã¾ã™),there is; to be; is (living things)
N5,â¬†ï¸,hou ga ii (ã»ã†ãŒã„ã„),had better; it'd be better to; should ~
N5,ğŸ“–,i-adjectives (ã„-adjectives),i-adjectives
N5,ğŸ†,ichiban (ä¸€ç•ªï¼ˆã„ã¡ã°ã‚“ï¼‰),the most; the best
N5,â¡ï¸,issho ni (ä¸€ç·’ã«ï¼ˆã„ã£ã—ã‚‡ã«ï¼‰),together
N5,ğŸ›¤ï¸,itsumo (ã„ã¤ã‚‚),always; usually; habitually
N5,âŒ,janai / dewa nai (ã˜ã‚ƒãªã„ãƒ»ã§ã¯ãªã„),to not be (am not; is not; are not)
N5,â“,ka (ã‹),question particle
N5,â†”ï¸,ka~ka (ã‹ï½ã‹),or
N5,ğŸ“…,kara (ã‹ã‚‰),because; since; from
N5,â¡ï¸,kata (æ–¹ï¼ˆã‹ãŸï¼‰),the way of doing something; how to do ~
N5,âš ï¸,kedo (ã‘ã©),but; however; although ~
N5,âš ï¸,keredo mo (ã‘ã‚Œã©ã‚‚),but; however; although ~
N5,â³,mada (ã¾ã ),still; not yet
N5,â³,mada ~te imasen (ã¾ã ï½ã¦ã„ã¾ã›ã‚“),have not yet ~
N5,â¸ï¸,made (ã¾ã§),until; as far as; to (an extent); even ~
N5,â®ï¸,mae ni (å‰ã«ï¼ˆã¾ãˆã«ï¼‰),before; in front of ~
N5,ğŸ™,masen ka (ã¾ã›ã‚“ã‹),would you; do you want to; shall we ~
N5,ğŸ‘Œ,mashou (ã¾ã—ã‚‡ã†),let's ~; shall we ~
N5,â¡ï¸,mashouka (ã¾ã—ã‚‡ã†ã‹),shall I ~; used to offer help to the listener
N5,â¡ï¸,mo (ã‚‚),too; also; as well
N5,â•,mou (ã‚‚ã†),already; anymore; again; other
N5,ğŸ“–,na-adjectives (ãª-adjectives),na-adjectives
N5,ğŸ”š,naa (ãªã‚),sentence ending particle; confirmation; admiration; etc
N5,â¡ï¸,naide (ãªã„ã§),without doing ~; to do [B] without doing [A]
N5,âœ…,naide kudasai (ãªã„ã§ãã ã•ã„),please don't do ~
N5,â€¼ï¸,naito ikenai (ãªã„ã¨ã„ã‘ãªã„),must do; have an obligation to do ~
N5,ğŸ“‹,naku temo ii (ãªãã¦ã‚‚ã„ã„),don't have to
N5,â€¼ï¸,nakucha (ãªãã¡ã‚ƒ),must do; need to; gotta do ~
N5,â€¼ï¸,nakute wa ikenai (ãªãã¦ã¯ã„ã‘ãªã„),must do; need to do
N5,â€¼ï¸,nakute wa naranai (ãªãã¦ã¯ãªã‚‰ãªã„),must do; need to do ~
N5,ğŸ”„,naru (ãªã‚‹),to become
N5,â—,ndesu (ã‚“ã§ã™),to explain something; show emphasis
N5,â“,ne (ã­),isn't it? right? eh?
N5,â¡ï¸,ni (ã«),destination particle; in; at; on; to
N5,â¡ï¸,ni iku (ã«è¡Œãï¼ˆã«ã„ãï¼‰),go to do ~
N5,â¡ï¸,ni suru (ã«ã™ã‚‹),to decide on
N5,â¡ï¸,ni/e (ã«/ã¸),to (indicates direction / destination)
N5,âš›ï¸,no (ã®),possessive particle
N5,â—,no desu (ã®ã§ã™),to explain something; show emphasis
N5,â¡ï¸,no ga heta (ã®ãŒä¸‹æ‰‹ï¼ˆã®ãŒã¸ãŸï¼‰),to be bad at doing something
N5,â¡ï¸,no ga jouzu (ã®ãŒä¸Šæ‰‹ï¼ˆã®ãŒã˜ã‚‡ã†ãšï¼‰),to be good at
N5,ğŸ“Œ,no ga suki (ã®ãŒå¥½ãï¼ˆã®ãŒã™ãï¼‰),to like doing something
N5,ğŸ“¤,no naka de [A] ga ichiban (ã®ä¸­ã§[A]ãŒä¸€ç•ªï¼ˆã®ãªã‹ã§[A]ãŒã„ã¡ã°ã‚“ï¼‰),out of this group; [A] is best
N5,ğŸ“…,node (ã®ã§),because of; given that; since ~
N5,â“,o / go (ãŠ / ã”),polite marker; honorific prefix particle
N5,âš›ï¸,o / wo (ã‚’),object marker particle
N5,ğŸ,o kudasai (ã‚’ãã ã•ã„),please give me ~
N5,âš ï¸,shikashi (ã—ã‹ã—),but; however ~
N5,â­ï¸,sore kara (ãã‚Œã‹ã‚‰),and; and then; after that; since then
N5,ğŸš«,soshite (ãã—ã¦),and; and then; thus; and now ~
N5,â•,sugiru (ã™ãã‚‹),too much
N5,â®ï¸,ta koto ga aru (ãŸã“ã¨ãŒã‚ã‚‹),to have done something before
N5,ğŸ™,tai (ãŸã„),want to do something
N5,ğŸ‘‰,tari~tari (ãŸã‚Šï½ãŸã‚Š),do such things as A and B
N5,ğŸ’«,te aru (ã¦ã‚ã‚‹),is/has been done (resulting state)
N5,ğŸ“,te iru (ã¦ã„ã‚‹),ongoing action or current state
N5,â­ï¸,te kara (ã¦ã‹ã‚‰),after doing ~
N5,âœ…,te kudasai (ã¦ãã ã•ã„),please do
N5,ğŸ’ª,te wa ikenai (ã¦ã¯ã„ã‘ãªã„),must not; may not; cannot
N5,ğŸ¤”,temo ii desu (ã¦ã‚‚ã„ã„ã§ã™),is OK to ~; is alright to ~; may I ~?
N5,â•,to (ã¨),and; with; as; connecting particle
N5,â°,toki (ã¨ã),when; at this time
N5,â€¼ï¸,totemo (ã¨ã¦ã‚‚),very; awfully; exceedinglyâ€‹
N5,ğŸ”š,tsumori (ã¤ã‚‚ã‚Š),plan to ~; intend to ~
N5,ğŸ“Œ,wa - topic marker (ã¯),topic marker
N5,âš–ï¸,wa ~yori... desu (ã¯ã€œã‚ˆã‚Šãƒ»ãƒ»ãƒ»ã§ã™),[Noun-1] is more ~ than [Noun-2]
N5,ğŸ“‹,wa dou desu ka (ã¯ã©ã†ã§ã™ã‹),how about; how is
N5,â•,ya (ã‚„),and; or; connecting particle
N5,â—,yo (ã‚ˆ),you know; emphasis (ending particle)
N5,âš–ï¸,yori ~hou ga (ã‚ˆã‚Šï½ã»ã†ãŒ),[2] is more than [1]
