Level,Type,Vocabulary,Meaning,Emoji
N2,"Noun, Adverbial Noun",akegata (æ˜ã‘æ–¹),dawn,ğŸŒ…
N2,"Adjective, ã„-adjective",aojiroi (é’ç™½ã„),pale; bluish-white,âšª
N2,Noun,ashiato (è¶³è·¡),footprints,ğŸ¦¶
N2,"Noun, Verb, Suru verb",baibai (å£²è²·),trade; buying and selling,ğŸ›’
N2,Noun,baiten (å£²åº—),stand; stall; booth; kiosk; store,ğŸª
N2,"Noun, Verb, Suru verb",boshuu (å‹Ÿé›†),recruitment; invitation; taking applications; solicitation,ğŸ±
N2,Noun,chounan (é•·ç”·),eldest son; first-born son,ğŸ‘¦
N2,Noun,daen (æ¥•å††),ellipse,â­•
N2,Noun,daigakuin (å¤§å­¦é™¢),graduate school,ğŸ«
N2,Noun,deiriguchi (å‡ºå…¥å£),exit and entrance,ğŸšª
N2,Noun,enkai (å®´ä¼š),party; banquet; reception; feast; dinner,ğŸ½ï¸
N2,Noun,enshuu (å††å‘¨),circumference,â­•
N2,"Noun, Verb, Suru verb",ensoku (é è¶³),excursion; outing; trip,ğŸšŒ
N2,Noun,fubo (çˆ¶æ¯),father and mother; parents,ğŸ‘¨â€ğŸ‘©â€ğŸ‘¦
N2,Noun,gakka (å­¦ç§‘),study subject; course of studyâ€‹; department,ğŸ“–
N2,Noun,gakkai (å­¦ä¼š),scientific society; academic meeting; academic conference,ğŸ’¼
N2,Noun,gakuryoku (å­¦åŠ›),scholarly ability; scholarship; knowledge; literary ability,ğŸš¢
N2,Noun,geka (å¤–ç§‘),surgery; department of surgery,ğŸ¢
N2,Noun,hanabi (èŠ±ç«),fireworks,ğŸ’¼
N2,Noun,hankei (åŠå¾„),radius,ğŸ“
N2,Noun,hantou (åŠå³¶),peninsula,ğŸ–ï¸
N2,"Noun, Verb, Suru verb",hatsubai (ç™ºå£²),sale; release (for sale); launch (product),ğŸ·ï¸
N2,Noun,hayaguchi (æ—©å£),fast-talking; rapid talking,ğŸ‘‘
N2,"Verb, Ichidan verb, Intransitive verb",hazureru (å¤–ã‚Œã‚‹),to be disconnected; to be off; to miss the mark,ğŸ”Œ
N2,"Verb, Suru verb",heikai (é–‰ä¼š),"closure (of a ceremony, event, meeting, etc.)",ğŸ’¼
N2,"Noun, Verb, Suru verb",hirune (æ˜¼å¯),"nap, siesta",ğŸ˜´
N2,"Noun, Verb, Adjective, ãª-adjective, Suru verb",ijiwaru (æ„åœ°æ‚ª),malicious; ill-tempered; unkind,ğŸ”´
N2,"Noun, Verb, Suru verb",iten (ç§»è»¢),moving; relocation; change of address,ğŸ±
N2,Adverb,ittan (ä¸€æ—¦),once; for a short time; briefly; temporarily,â°
N2,Noun,ji'in (å¯ºé™¢),Buddhist temple; religious building,ğŸ¢
N2,Noun,jinbunkagaku (äººæ–‡ç§‘å­¦),humanities; social sciences; liberal arts,ğŸ‘¨
N2,"Noun, Verb, Suru verb",jishuu (è‡ªç¿’),self-study; teaching oneself,ğŸµ
N2,Noun,jisoku (æ™‚é€Ÿ),speed (per hour),ğŸ•
N2,"Noun, Verb, Suru verb",jisshuu (å®Ÿç¿’),practice; training; practical exercise; drill,ğŸŒ§ï¸
N2,Noun,kahansuu (éåŠæ•°),majority,ğŸ“Š
N2,"Noun, Verb, Suru verb",kaikai (é–‹ä¼š),"opening of a meeting; starting (an event, etc)",â­
N2,Noun,kaikan (ä¼šé¤¨),meeting hall; assembly hall,ğŸ’¼
N2,"Noun, Verb, Suru verb",kaiten (å›è»¢),rotation; revolution; turning,ğŸ”„
N2,"Noun, Verb, Suru verb",kasoku (åŠ é€Ÿ),acceleration; speeding up,â¬†ï¸
N2,Noun,kasokudo (åŠ é€Ÿåº¦),acceleration,ğŸš€
N2,"Noun, Verb, Suru verb",kengaku (è¦‹å­¦),study by observation; field trip; tour; review; inspection,ğŸ“–
N2,Noun,kokuou (å›½ç‹),king; queen; monarch; sovereign,ğŸ‘‘
N2,Noun,kokuritsu (å›½ç«‹),national,ğŸŒ
N2,Noun,kokuseki (å›½ç±),nationality; citizenship,ğŸš¢
N2,"Verb, Godan verb, Intransitive verb",korogaru (è»¢ãŒã‚‹),to roll; to fall over; to lie down,â¬‡ï¸
N2,"Verb, Godan verb, Transitive verb",korogasu (è»¢ãŒã™),to roll; to turn over,ğŸ”„
N2,Noun,kousha (æ ¡èˆ),school building; schoolhouse,ğŸ 
N2,Noun,koutei (æ ¡åº­),schoolyard; playground; school grounds; campus,ğŸ«
N2,Noun,machiaishitsu (å¾…åˆå®¤),waiting room,â³
N2,"Verb, Ichidan verb, Transitive verb",machiawaseru (å¾…ã¡åˆã‚ã›ã‚‹),to rendezvous; to meet at a prearranged place and time; to arrange to meet,ğŸ‘‚
N2,Noun,madoguchi (çª“å£),ticket window; teller window; counter,ğŸ’¨
N2,"Noun, Adverbial Noun",maido (æ¯åº¦),each time; always; often; thank you for your continued patronageâ€‹,â°
N2,"Noun, Adjective, ãª-adjective",massao (çœŸã£é’),deep blue; bright blueâ€‹; ghastly pale; white as a sheet,ğŸ”µ
N2,"Noun, Adjective, ãª-adjective",masshiro (çœŸã£ç™½),pure white; blank,âšª
N2,Noun,meishi (ååˆº),business card,ğŸš—
N2,Noun,miseya (åº—å±‹),store; shop,ğŸª
N2,Noun,mokuzai (æœ¨æ),lumber; timber; wood,ğŸªµ
N2,Adverb,motomoto (å…ƒã€…),"originally, by nature, from the start",â­
N2,Noun,naika (å†…ç§‘),internal medicine,ğŸ’Š
N2,Noun,namiki (ä¸¦æœ¨),roadside tree; row of trees,ğŸŒ³
N2,"Noun, Verb, Suru verb",nyuusha (å…¥ç¤¾),joining a company,ğŸ¢
N2,"Verb, Ichidan verb, Transitive verb",osaeru (æŠ¼ã•ãˆã‚‹),to pin down; to hold down; to press down,â¬‡ï¸
N2,Noun,rika (ç†ç§‘),science (department; course),ğŸ“š
N2,"Noun, Verb, Suru verb",ryoushuu (é ˜å),receipt (of money); receiving,ğŸ’°
N2,Adverb,saisan (å†ä¸‰),again and again; repeatedly,ğŸ½ï¸
N2,"Verb, Godan verb, Intransitive verb",sasaru (åˆºã•ã‚‹),to stick into (with a sharp point); to prick; to get stuck (in);,ğŸ“¥
N2,Noun,sashimi (åˆºèº«),"sashimi (raw sliced fish, shellfish or crustaceans)",ğŸŸ
N2,Adverb,sassoku (æ—©é€Ÿ),at once; immediately; without delay; promptly,âš¡
N2,"Verb, Godan verb, Transitive verb",sasu (åˆºã™),to pierce; to stab; to prick; to stick; to thrust; to sting,ğŸ—¡ï¸
N2,Noun,seishounen (é’å°‘å¹´),youth; young person,ğŸ‘¦
N2,Noun,sekidou (èµ¤é“),equator,ğŸŒ
N2,Noun,shakaikagaku (ç¤¾ä¼šç§‘å­¦),social science,ğŸ”¬
N2,Noun,shasetsu (ç¤¾èª¬),editorial; leading article; leader,ğŸ“°
N2,"Noun, Verb, Suru verb",shikai (å¸ä¼š),master of ceremonies; leading a meeting; presenter; host,ğŸšª
N2,Noun,shinkansen (æ–°å¹¹ç·š),Japanese bullet train,ğŸŒ§ï¸
N2,Noun,shiraga (ç™½é«ª),white hair; grey hair,âšª
N2,Noun,shizenkagaku (è‡ªç„¶ç§‘å­¦),natural science,ğŸ”¬
N2,Noun,shoten (æ›¸åº—),bookshop; bookstore,ğŸª
N2,Noun,shousha (å•†ç¤¾),trading company; firm,ğŸ¢
N2,Noun,shouten (å•†åº—),shop; small store; business; firm,ğŸª
N2,"Noun, Verb, Suru verb",shuugou (é›†åˆ),gathering; assembly; meeting,ğŸ’¼
N2,Noun,shuuji (ç¿’å­—),calligraphy; penmanship,ğŸš¢
N2,"Noun, Verb, Suru verb",shuukai (é›†ä¼š),meeting; assembly; gathering; convention; rally,ğŸ’¼
N2,Noun,sokuryoku (é€ŸåŠ›),speed,ğŸ’¨
N2,"Noun, Verb, Suru verb",sokutatsu (é€Ÿé”),express; special delivery,ğŸ“¬
N2,Noun,tabi (è¶³è¢‹),Japanese socks (with split toe),ğŸ§¦
N2,"Verb, Godan verb, Intransitive verb",taru (è¶³ã‚‹),to be sufficient; to be enoughâ€‹; to be worth doing; to be worthy of; to deserveâ€‹,âœ…
N2,"Noun, Verb, Suru verb",tokubai (ç‰¹å£²),special sale,ğŸ·ï¸
N2,"Noun, Adjective, ãª-adjective",toumei (é€æ˜),transparent; clear,ğŸ‘‚
N2,Noun,touyou (æ±æ´‹),Orient,ğŸŒ
N2,Noun,ureyuki (å£²ã‚Œè¡Œã),sales; demand,ğŸ‘¨
N2,Noun,uriage (å£²ä¸Š),amount sold; sales; proceeds; turnover,ğŸ·ï¸
N2,Noun,urikire (å£²ã‚Šåˆ‡ã‚Œ),sold out,ğŸ“œ
N2,"Verb, Ichidan verb, Intransitive verb",urikireru (å£²ã‚Šåˆ‡ã‚Œã‚‹),to be sold out,ğŸ“œ
N2,Pre-noun adjectival,waga (æˆ‘ãŒ),my; our; one's own,1ï¸âƒ£
N2,Noun,youhinten (æ´‹å“åº—),shop that handles Western-style apparel and accessories,ğŸª
N2,"Noun, Verb, Suru verb",yuketsu (è¼¸è¡€),blood transfusion,ğŸ©¸
N2,"Noun, Verb, Suru verb",yusou (è¼¸é€),transport; transportation,âš½
N2,Noun,zaimoku (ææœ¨),lumber; timber,ğŸªµ
N3,Noun,akari (æ˜ã‹ã‚Š),light; illumination; glow; gleam,ğŸŒ
N3,"Verb, Ichidan verb, Transitive verb",akeru (æ˜ã‘ã‚‹),"to dawn,to become daylight",ğŸŒ…
N3,"Adjective, ãª-adjective",akiraka (æ˜ã‚‰ã‹),clear; obvious,ğŸ‘‚
N3,Noun,akuma (æ‚ªé­”),devil; demon; fiend; Satan,ğŸ‘¹
N3,"Noun, Verb, Suru verb",anki (æš—è¨˜),memorization; learning by heart,ğŸ‘‚
N3,"Noun, Adjective, ãª-adjective",arata (æ–°ãŸ),new; fresh; novel,ğŸ†•
N3,Pre-noun adjectival,arayuru (æœ‰ã‚‰ã‚†ã‚‹),all; everyâ€‹,ğŸ’¯
N3,Noun,atsumari (é›†ã¾ã‚Š),gathering; meeting; assembly; collection; attendance,ğŸ’ƒ
N3,Noun,bubun (éƒ¨åˆ†),portion; section; part,ğŸ§©
N3,"Noun, Suffix",bun (åˆ†),part; segment; share; ration,ğŸ§©
N3,Noun,bunmei (æ–‡æ˜),civilization; culture,ğŸ›ï¸
N3,"Noun, Verb, Suru verb",bunseki (åˆ†æ),analysis,ğŸ”¬
N3,Noun,bunya (åˆ†é‡),field; sphere; realm; division; branch,ğŸ¢
N3,Noun,chichioya (çˆ¶è¦ª),father,ğŸ‘¨
N3,Noun,chiheisen (åœ°å¹³ç·š),horizon (related to land)â€‹,â°
N3,Noun,chii (åœ°ä½),(social) position; status,ğŸ‘”
N3,Noun,chouki (é•·æœŸ),long-term,ğŸ“
N3,"Noun, Prefix, Suffix",chuu (ä¸­),during; while; medium; middle,â³
N3,Noun,chuugaku (ä¸­å­¦),junior high school; middle school,ğŸ«
N3,Noun,chuushoku (æ˜¼é£Ÿ),lunch; midday meal,ğŸ½ï¸
N3,Noun,daibubun (å¤§éƒ¨åˆ†),most part; greater part; majority,ğŸ½ï¸
N3,"Noun, Adjective, ãª-adjective",dame (é§„ç›®),no good; cannot,ğŸš¶
N3,Noun,danshi (ç”·å­),youth; young man,ğŸ‘¨
N3,Noun,deai (å‡ºä¼šã„),meeting; rendezvous; encounter,ğŸ’¼
N3,Verb,deau (å‡ºä¼šã†),to meet (by chance); to come across; to run across; to encounter,ğŸƒ
N3,"Noun, Verb, Suru verb",dokusho (èª­æ›¸),reading,ğŸ“–
N3,"Noun, Verb, Suru verb",doryoku (åŠªåŠ›),effort; exertion; endeavor; hard work; striving,ğŸ’¼
N3,"Adjective, ãª-adjective",douitsu (åŒä¸€),identical; same; one and the same; equal,1ï¸âƒ£
N3,Noun,en (å††),yen; Japanese monetary unit; circle,1ï¸âƒ£
N3,"Noun, Adjective, ãª-adjective",furi (ä¸åˆ©),disadvantage; handicap; unfavorable position,âœ‹
N3,"Noun, Adjective, ãª-adjective, Verb, Suru verb",fusoku (ä¸è¶³),insufficiency; shortage; deficiency; lack; dearth,ğŸ‘‚
N3,Adverb,futatabi (å†ã³),again; once more; a second time,â°
N3,Noun,gaikou (å¤–äº¤),diplomacy,ğŸ¤
N3,"Noun, Verb, Suru verb",gaishutsu (å¤–å‡º),"going out; outing; leaving (one's home, office, etc.)",ğŸ 
N3,Noun,gakki (å­¦æœŸ),school term; semester,ğŸ«
N3,"Noun, Suffix",gaku (å­¦),learning; education; study of,ğŸ±
N3,"Noun, Verb, Suru verb",gakumon (å­¦å•),scholarship; study; learning,ğŸš¢
N3,Noun,gakusha (å­¦è€…),scholar,ğŸ‘¨â€ğŸ“
N3,"Noun, Verb, Suru verb",gakushuu (å­¦ç¿’),study; learning; tutorial,ğŸ‘‚
N3,Noun,gichou (è­°é•·),chairman; president; moderator,ğŸ‘¨
N3,Noun,gikai (è­°ä¼š),congress; parliament; diet; legislative assembly,ğŸ¦µ
N3,Noun,gogaku (èªå­¦),study of foreign languages; linguistics,ğŸ“–
N3,"Adjective, ã„-adjective",hageshii (æ¿€ã—ã„),violent; extreme; intense,ğŸ’¥
N3,Noun,hahaoya (æ¯è¦ª),mother,ğŸ‘©
N3,Noun,hakubutsukan (åšç‰©é¤¨),museum,ğŸ›ï¸
N3,"Noun, Verb, Suru verb",hanbai (è²©å£²),sales; selling; marketing,ğŸ’°
N3,"Noun, Adjective, ãª-adjective, Verb, Suru verb",hatsumei (ç™ºæ˜),invention,ğŸ’¡
N3,"Verb, Godan verb, Transitive verb",hazusu (å¤–ã™),to remove; to undo; to drop; to miss,ğŸ”“
N3,Noun,hin (å“),"elegance, article",ğŸ¦µ
N3,"Noun, Verb, Suru verb",hitokoto (ä¸€è¨€),single word; a few words; brief comment,ğŸ¤
N3,"Noun, Suffix",hitorihitori (ä¸€äººä¸€äºº),one by one; each; one at a time,1ï¸âƒ£
N3,Noun,honmono (æœ¬ç‰©),genuine article; real thing; real dealâ€‹,ğŸ“¦
N3,Noun,honnin (æœ¬äºº),the person in question; the person themselves; said person,ğŸ‘¦
N3,"Noun, Verb, Suru verb",icchi (ä¸€è‡´),agreement; union; matchâ€‹; coincidence,ğŸª™
N3,Noun,ichiji (ä¸€æ™‚),one o'clock,â°
N3,"Adjective, ãª-adjective, Adverb",igai (æ„å¤–),unexpected; surprising,ğŸ¤
N3,Noun,ikka (ä¸€å®¶),a family; a household; a home; one's family; whole family,ğŸ 
N3,Adverb,imani (ä»Šã«),before long; even now,â°
N3,Adverb,imanimo (ä»Šã«ã‚‚),at any moment; at any minute; on the verge of,â±ï¸
N3,"Noun, Adjective, ãª-adjective",ippan (ä¸€èˆ¬),general; universal; ordinary; average; common,ğŸ‘¥
N3,Noun,ippou (ä¸€æ–¹),one (esp. of two); one way; the other direction; although,1ï¸âƒ£
N3,Noun,isshou (ä¸€ç”Ÿ),whole life; a lifetime; a generation,â°
N3,"Noun, Adverb",isshu (ä¸€ç¨®),species; kind; variety,ğŸŒ±
N3,Noun,isshun (ä¸€ç¬),instant; moment; for an instant,âš¡
N3,"Noun, Adverb",issou (ä¸€å±¤),much more; still more; all the more; single layer; sooner; preferablyâ€‹,ğŸ¤
N3,"Noun, Adverb",ittai (ä¸€ä½“),(what) the heck; (why) in the world,ğŸ©
N3,Pre-noun adjectival,iwayuru (æ‰€è¬‚),what is called; as it is called; the so-called; so to speakâ€‹,ğŸ’¬
N3,"Noun, Adjective, ãª-adjective, Suru verb",jama (é‚ªé­”),hindrance,ğŸš§
N3,Noun,kagaku (åŒ–å­¦),chemistry,ğŸ§ª
N3,"Noun, Suffix",kai (ä¼š),meeting; assembly; party; association; club,ğŸ’¼
N3,Noun,kai'in (ä¼šå“¡),member,ğŸ‘¤
N3,"Noun, Adjective",kaigai (æµ·å¤–),foreign; abroad; overseas,ğŸŒŠ
N3,"Noun, Verb, Suru verb",kaigou (ä¼šåˆ),meeting; assembly; gathering; association,ğŸ’¼
N3,Noun,kaikei (ä¼šè¨ˆ),finance; account; treasurer; bill,ğŸ’³
N3,"Noun, Verb, Suru verb",kaishi (é–‹å§‹),start; commencement; beginning; initiationâ€‹,â­
N3,Noun,kamoku (ç§‘ç›®),(school) subject; curriculum; course,ğŸ«
N3,Noun,kenri (æ¨©åˆ©),right; privilege,ğŸ¦µ
N3,Noun,kihon (åŸºæœ¬),basics; fundamentals; basis; foundation,ğŸ“
N3,Noun,kiji (è¨˜äº‹),article; news story; report; account,ğŸ†•
N3,Noun,kimi (æ°—å‘³),sensation; feelingâ€‹; tendency,ğŸ­
N3,"Noun, Verb, Suru verb",kinen (è¨˜å¿µ),commemoration; celebration; honoring the memory of something,ğŸŠ
N3,"Verb, Godan verb, Expression",kiniiru (æ°—ã«å…¥ã‚‹),to like; to take a liking to,ğŸ‘‘
N3,"Noun, Verb, Suru verb",kinyuu (è¨˜å…¥),entry; filling in; filling out,âœï¸
N3,"Noun, Verb, Suru verb",kioku (è¨˜æ†¶),memory; recollection; remembrance,ğŸ§ 
N3,Noun,kisha (è¨˜è€…),reporter; journalist,ğŸ“°
N3,"Noun, Verb, Suru verb",kitai (æœŸå¾…),expectation; anticipation; hope,ğŸ¤
N3,Noun,kokka (å›½å®¶),state; country; nation,ğŸŒ
N3,Noun,kokkai (å›½ä¼š),National Diet; legislative assembly of Japan; parliament; congress,ğŸ¦µ
N3,Noun,kokkyou (å›½å¢ƒ),national border,ğŸŒ
N3,Noun,kokugo (å›½èª),national language,ğŸ’¬
N3,Noun,kokumin (å›½æ°‘),people (of a country); nation; citizen; national,ğŸŒ
N3,"Noun, Adverbial Noun",kongo (ä»Šå¾Œ),from now on; hereafter,â°
N3,"Noun, Adverbial Noun",konkai (ä»Šå›),now; this time; lately,â°
N3,Expression,konnichi (ä»Šæ—¥),today; this day,ğŸ“…
N3,"Verb, Godan verb, Intransitive verb",korobu (è»¢ã¶),to fall down; to fall over,â¬‡ï¸
N3,"Noun, Adjective, ãª-adjective",kousoku (é«˜é€Ÿ),high-speed; rapid; express,âš¡
N3,"Noun, Verb, Suru verb",kunren (è¨“ç·´),training; drill; practice; discipline,ğŸŒ§ï¸
N3,Noun,kyoukasho (æ•™ç§‘æ›¸),textbook; coursebook; schoolbook,ğŸ«
N3,"Noun, Verb, Suru verb",kyouryoku (å”åŠ›),cooperation; collaboration,ğŸ¤
N3,"Noun, Adjective, ãª-adjective",kyouryoku (å¼·åŠ›),powerful; strong,ğŸ’ª
N3,"Adjective, ãª-adjective",kyuugeki (æ€¥æ¿€),sudden; abrupt; rapid; sharp; drastic; radical,â¬†ï¸
N3,Adverb,kyuuni (æ€¥ã«),swiftly; rapidly; quickly; immediately; hastily,âš¡
N3,"Noun, Verb, Suru verb",kyuushuu (å¸å),absorption; suction; attraction,ğŸ§½
N3,"Noun, Adjective, ãª-adjective",kyuusoku (æ€¥é€Ÿ),rapid (e.g. progress),âš¡
N3,"Noun, Adjective, ãª-adjective",majime (çœŸé¢ç›®),serious; earnest,ğŸ‘‚
N3,"Noun, Adjective, ãª-adjective",makka (çœŸã£èµ¤),bright red; deep red; flushed (of face),ğŸ˜Š
N3,"Verb, Godan verb, Transitive verb",manabu (å­¦ã¶),to study (in depth); to learn; to take lessons in,ğŸ‘‚
N3,"Noun, Adverb",manichi (ä¸‡ä¸€),emergency; unlikely eventâ€‹; by some chance; by some possibility,ğŸ‘
N3,"Noun, Adjective, ãª-adjective, Verb, Suru verb",manzoku (æº€è¶³),satisfaction; contentment;â€‹ sufficient; enough,âœ…
N3,"Adjective, ãª-adjective",meikaku (æ˜ç¢º),clear; precise; definite; distinct,ğŸ‘‚
N3,Noun,meshi (é£¯),cooked rice; meal,ğŸ½ï¸
N3,"Noun, Verb, Suru verb",mikata (å‘³æ–¹),friend; ally; supporter; taking sides with; supporting,ğŸ‘¥
N3,Noun,miryoku (é­…åŠ›),charm; fascination; glamour; attraction; appeal,ğŸ’ª
N3,"Noun, Adverbial Noun",mokuyou (æœ¨æ›œ),Thursday,ğŸ“…
N3,"Noun, Adverbial Noun, Suffix, Adverbial noun",nakaba (åŠã°),middle; half; semi; halfway; partly,Â½
N3,"Noun, Adjective, ãª-adjective",nesshin (ç†±å¿ƒ),enthusiastic; eager,ğŸ”¥
N3,Noun,nihon (æ—¥æœ¬),Japan,ğŸ‡¯ğŸ‡µ
N3,Noun,nouryoku (èƒ½åŠ›),ability; faculty,ğŸ’ª
N3,"Noun, Verb, Suru verb",nyuujou (å…¥å ´),entrance; admission; entering,ğŸšª
N3,Noun,ohiru (ãŠæ˜¼),lunch; midday; daytime,ğŸ±
N3,"Verb, Ichidan verb, Transitive verb",osameru (åã‚ã‚‹),to supply; to dedicate; to make an offering; to pay,ğŸ±
N3,"Noun, Verb, Suru verb",renzoku (é€£ç¶š),continuation; succession; series,ğŸ“Š
N3,"Noun, Verb, Suru verb",rieki (åˆ©ç›Š),profit; gains; benefit,ğŸ“ˆ
N3,"Noun, Adjective, ãª-adjective",rikou (åˆ©å£),clever; intelligent; wise; bright; sharp,âœ…
N3,"Noun, Verb, Suru verb",ryuugaku (ç•™å­¦),studying abroad,ğŸ“–
N3,Noun,sakuhin (ä½œå“),work of art; performance,ğŸ‘¨
N3,"Noun, Verb, Suru verb",sayuu (å·¦å³),left and right,â¬…ï¸
N3,"Noun, Verb, Suru verb",seichou (æˆé•·),growth; development; growing up; becoming an adult,â¬†ï¸
N3,Noun,seihin (è£½å“),manufactured goods; finished goods; product,ğŸ‘¨
N3,Noun,seinen (é’å¹´),youth; young man,ğŸ‘¨
N3,"Noun, Verb, Suru verb",shigeki (åˆºæ¿€),stimulus; impetus; incentive; encouragement; motivation; provocation; excitement; thrill,ğŸ±
N3,Noun,shihon (è³‡æœ¬),funds; capital,ğŸ’°
N3,Noun,shina (å“),article; item; thing; goods; stock; quality,ğŸš¶
N3,Noun,shinchou (èº«é•·),body height; stature,ğŸ§
N3,"Noun, Verb, Suru verb",shingaku (é€²å­¦),entering a higher-level school (often university),ğŸ«
N3,"Adjective, ãª-adjective",shinsen (æ–°é®®),fresh,ğŸ¥¬
N3,Noun,shiten (æ”¯åº—),branch office; branch storeâ€‹,ğŸª
N3,"Noun, Verb, Suru verb",shiyou (ä½¿ç”¨),use; application; employment; utilization.,ğŸ±
N3,Noun,shokuhin (é£Ÿå“),food; food products,ğŸ±
N3,Noun,shomotsu (æ›¸ç‰©),book; volume,ğŸ“–
N3,Noun,shorui (æ›¸é¡),document; official papers,ğŸ“„
N3,Noun,shosai (æ›¸æ–),study; library; den; home office; reading room,ğŸ 
N3,Noun,shoubai (å•†å£²),trade; business; commerce; transaction; occupation,ğŸšŒ
N3,Noun,shougakukin (å¥¨å­¦é‡‘),scholarship; stipend; student loan,ğŸš¢
N3,"Noun, Adverbial Noun",shougo (æ­£åˆ),midday,ğŸ“…
N3,Noun,shouhin (å•†å“),commodity; article of commerce; goods; stock; merchandise,âœ‹
N3,Noun,shoujo (å°‘å¥³),little girl; maiden; young lady,ğŸ‘§
N3,"Noun, Verb, Suru verb",shoumei (è¨¼æ˜),proof; verification; certification,ğŸ±
N3,Noun,shounen (å°‘å¹´),boy; juvenile; young boy; youth; lad,ğŸ‘¦
N3,"Noun, Adverbial Noun",shoushou (å°‘ã€…),just a minute; small quantity,â±ï¸
N3,"Noun, Verb, Suru verb",shoutai (æ‹›å¾…),invitation,ğŸ’Œ
N3,"Noun, Suffix",shuu (é€±),week,ğŸ“…
N3,"Noun, Verb, Suru verb",shuuchuu (é›†ä¸­),concentration; focusing; centralization; integration,ğŸ¤
N3,Noun,shuudan (é›†å›£),group; mass,â¬†ï¸
N3,"Noun, Verb, Suru verb",shuukaku (åç©«),harvest; crop; fruits (of one's labors),ğŸ
N3,Noun,shuukan (é€±é–“),week,ğŸ“…
N3,Noun,shuukan (é€±åˆŠ),weekly publication,ğŸ±
N3,Noun,shuunyuu (åå…¥),income; receipts; revenue; salary,ğŸ‘‹
N3,Noun,sokudo (é€Ÿåº¦),speed; velocity; pace; rate,ğŸ’¨
N3,Adverb,sukoshimo (å°‘ã—ã‚‚),anything of; not one bit (with negative sentence),1ï¸âƒ£
N3,"Noun, Adverbial Noun",taihan (å¤§åŠ),majority; more than half; most; largely; mainly,â¬†ï¸
N3,Noun,taikai (å¤§ä¼š),convention; rally; conference; tournament;,ğŸ¤
N3,Pre-noun adjectival,taishita (å¤§ã—ãŸ),considerable; great; important; significant; a big deal,ğŸ½ï¸
N3,Pre-noun adjectival,tannaru (å˜ãªã‚‹),mere; simple; sheer,âœ…
N3,"Noun, Adverb",tashou (å¤šå°‘),more or less; somewhat; a little; a few; some,ğŸ©
N3,Noun,tejina (æ‰‹å“),magic trick; illusion,ğŸª„
N3,Noun,tetsugaku (å“²å­¦),philosophy,ğŸ¤”
N3,"Noun, Verb, Suru verb",tetsuya (å¾¹å¤œ),staying up all night,ğŸŒ™
N3,Noun,tochi (åœŸåœ°),plot of land; lot; soil,ğŸï¸
N3,Noun,tokai (éƒ½ä¼š),(big) city,â¬†ï¸
N3,"Verb, Ichidan verb, Intransitive verb, Transitive verb",toreru (å–ã‚Œã‚‹),to come off; to be removed; to be obtainable,ğŸ‘‹
N3,"Verb, Ichidan verb, Transitive verb",toriageru (å–ã‚Šä¸Šã’ã‚‹),to pick up,â¬†ï¸
N3,Noun,tosho (å›³æ›¸),books,ğŸ“–
N3,"Noun, Verb, Suru verb",tsuugaku (é€šå­¦),commuting to school; school commute,ğŸ«
N3,"Verb, Godan verb, Transitive verb",uketoru (å—ã‘å–ã‚‹),to receive; to understand,ğŸ“¦
N3,"Adjective, ã„-adjective",umai (ä¸Šæ‰‹ã„),skillful; delicious,ğŸ’ª
N3,"Noun, Verb, Suru verb",unten (é‹è»¢),operation; driving,ğŸš—
N3,"Verb, Ichidan verb, Intransitive verb",ureru (å£²ã‚Œã‚‹),to sell (well),ğŸ’°
N3,"Verb, Ichidan verb, Transitive verb",wakeru (åˆ†ã‘ã‚‹),to divide; to split; to part; to separate,â—
N3,"Noun, Verb, Suru verb",waruguchi (æ‚ªå£),slander; bad-mouthing; abuse; insult; speaking ill (of),ğŸšŒ
N3,Noun,yoake (å¤œæ˜ã‘),dawn; daybreak,ğŸŒ…
N3,Noun,yobun (ä½™åˆ†),extra; excess; surplus,â•
N3,Noun,yomi (èª­ã¿),"reading (of a kanji, situation, etc)",ğŸ“–
N3,"Noun, Adverbial Noun",yonaka (å¤œä¸­),middle of the night; dead of night,ğŸŒ™
N3,"Adjective, ã„-adjective",yoroshii (å®œã—ã„),(respectful) OK; all right,âœ…
N3,"Noun, Adverbial Noun",yuiitsu (å”¯ä¸€),only; sole; unique,1ï¸âƒ£
N3,"Noun, Verb, Suru verb",yunyuu (è¼¸å…¥),import; importation; introduction,ğŸ“¥
N3,"Noun, Verb, Suru verb",yushutsu (è¼¸å‡º),export; exportationâ€‹,ğŸ“¤
N3,"Noun, Adverbial Noun",yuube (å¤•ã¹),evening / last night; yesterday evening,ğŸŒ†
N3,"Noun, ãª-adjective",yuuri (æœ‰åˆ©),advantageous; favorable; profitable,ğŸª‘
N3,Noun,zenkoku (å…¨å›½),the whole country,ğŸŒ
N3,"Adjective, ãª-adjective, Adverb",zuibun (éšåˆ†),very; extremely; surprisingly; considerably; awfully,ğŸ¤
N4,Expression,a (ã‚),Ah; oh,ğŸ˜®
N4,Adverb,aa (ã‚ã‚),ah; yes,ğŸ’­
N4,"Noun, Katakana",afurika (ã‚¢ãƒ•ãƒªã‚«),Africa,ğŸŒ
N4,"Verb, Godan verb, Intransitive verb",agaru (ä¸ŠãŒã‚‹),to rise,â¬†ï¸
N4,"Noun, Suru verb",aisatsu (æŒ¨æ‹¶),to greet,ğŸ‘‹
N4,Noun,aji (å‘³),flavor; tasteâ€‹; uniqueness; attractiveness; experience,ğŸ˜‹
N4,"Noun, Katakana",ajia (ã‚¢ã‚¸ã‚¢),Asia,ğŸŒ
N4,Noun,akachan (èµ¤ã¡ã‚ƒã‚“),baby; infant,ğŸ‘¶
N4,Noun,akanbou (èµ¤ã‚“åŠ),baby; infant,ğŸ‘¶
N4,"Noun, Katakana",akusesarii (ã‚¢ã‚¯ã‚»ã‚µãƒªãƒ¼),accessory,ğŸ’
N4,"Noun, Katakana",amerika (ã‚¢ãƒ¡ãƒªã‚«),America,ğŸ‡ºğŸ‡¸
N4,"Noun, Katakana",anaunsaa (ã‚¢ãƒŠã‚¦ãƒ³ã‚µãƒ¼),announcer,ğŸ™ï¸
N4,Pre-noun adjectival,anna (ã‚ã‚“ãª),such,ğŸ‘‰
N4,"Noun, Suru verb",annai (æ¡ˆå†…),to guide,â„¹ï¸
N4,"Noun, Adjective, ãª-adjective, Suru verb",anshin (å®‰å¿ƒ),peace of mind,ğŸ˜Œ
N4,"Noun, Adjective, ãª-adjective",anzen (å®‰å…¨),safety; securityâ€‹,âœ…
N4,"Noun, Suru verb, Katakana",arubaito (ã‚¢ãƒ«ãƒã‚¤ãƒˆ),part-time job,ğŸ’¼
N4,"Noun, Katakana",arukooru (ã‚¢ãƒ«ã‚³ãƒ¼ãƒ«),alcohol,ğŸº
N4,"Adjective, ã„-adjective",asai (æµ…ã„),shallow,â¬‡ï¸
N4,Noun,asobi (éŠã³),playing,ğŸ®
N4,"Verb, Godan verb, Intransitive verb",atsumaru (é›†ã¾ã‚‹),to gather; to collect; to assemble,ğŸ‘¥
N4,"Verb, Ichidan verb, Transitive verb",atsumeru (é›†ã‚ã‚‹),to collect; to assemble; to gather,ğŸ“š
N4,"Verb, Godan verb",ayamaru (è¬ã‚‹),to apologize,ğŸ™‡
N4,Noun,bai (å€),double,âœ–ï¸2ï¸âƒ£
N4,Noun,bangumi (ç•ªçµ„),program (e.g. TV),ğŸ“º
N4,Noun,basho (å ´æ‰€),place,ğŸ“
N4,"Noun, Katakana",beru (ãƒ™ãƒ«),bell,ğŸ””
N4,Noun,bijutsukan (ç¾è¡“é¤¨),art gallery; art museum,ğŸ›ï¸
N4,"Adverb, Suru verb",bikkuri (ã³ã£ãã‚Š),to be surprised,ğŸ˜²
N4,"Noun, Katakana",biru (ãƒ“ãƒ«),building,ğŸ¢
N4,Pronoun,boku (åƒ•),I (used by males),ğŸ‘¦
N4,"Noun, Suru verb",boueki (è²¿æ˜“),trade,ğŸ’±
N4,Noun,buchou (éƒ¨é•·),"manager; head (chief, director) of a section or department",ğŸ§ 
N4,Noun,budou (ã¶ã©ã†),grapes,ğŸ‡
N4,Noun,bungaku (æ–‡å­¦),literature,ğŸ“š
N4,Noun,bunka (æ–‡åŒ–),culture,ğŸ­
N4,Noun,bunpou (æ–‡æ³•),grammar,ğŸ“–
N4,Suffix,chan (ã¡ã‚ƒã‚“),suffix for familiar female person,ğŸ‘¦
N4,"Noun, Suru verb, Katakana",chekku (ãƒã‚§ãƒƒã‚¯),to check,âœ…
N4,Noun,chi (è¡€),blood,ğŸ©¸
N4,Noun,chikara (åŠ›),energy; force; strength; might; power,ğŸ’ª
N4,Noun,chiri (åœ°ç†),geography,ğŸ—ºï¸
N4,Noun,chuugakkou (ä¸­å­¦æ ¡),junior high school; middle school,ğŸ«
N4,"Noun, Suru verb",chuui (æ³¨æ„),caution,âš ï¸
N4,"Noun, Suru verb",chuusha (æ³¨å°„),injection,ğŸ’‰
N4,Noun,chuushajou (é§è»Šå ´),parking lot,ğŸï¸
N4,Adverb,daibu (å¤§åˆ†),considerably; greatly; a lotâ€‹,ğŸ½ï¸
N4,Noun,daigakusei (å¤§å­¦ç”Ÿ),university student; college student,ğŸ¦µ
N4,"Adjective, ãª-adjective",daiji (å¤§äº‹),important; serious; crucial,â­
N4,Noun,daitai (å¤§ä½“),roughly,â‰ˆ
N4,"Noun, Suru verb",danbou (æš–æˆ¿),heating,ğŸ½ï¸
N4,Noun,dansei (ç”·æ€§),man; male,ğŸ‘¨
N4,"Adverb, Expression",dekiru dake (ã§ãã‚‹ã ã‘),as much as possible,âœ…
N4,Noun,denpou (é›»å ±),telegram,ğŸ¦µ
N4,Noun,dentou (é›»ç¯),electric light,ğŸ’¡
N4,Adverb,dondon (ã©ã‚“ã©ã‚“),rapidly; more and more,âš¡
N4,Noun,dorobou (æ³¥æ£’),thief,ğŸ¥·
N4,Noun,doubutsuen (å‹•ç‰©åœ’),zoo; zoological gardens,ğŸ¡
N4,Noun,dougu (é“å…·),tool,ğŸ”§
N4,Noun,eda (æ),branch,ğŸŒ¿
N4,"Noun, Suru verb",enryo (é æ…®),reserve; refraining,ğŸŒ§ï¸
N4,"Verb, Godan verb, Transitive verb",erabu (é¸ã¶),to choose,â˜‘ï¸
N4,"Noun, Katakana",esukareetaa (ã‚¨ã‚¹ã‚«ãƒ¬ãƒ¼ã‚¿ãƒ¼),escalator,ğŸ›—
N4,"Noun, Suru verb, Katakana",fakkusu (ãƒ•ã‚¡ãƒƒã‚¯ã‚¹),fax,ğŸ“ 
N4,"Noun, Adjective, ãª-adjective",fuben (ä¸ä¾¿),inconvenience,ğŸ˜
N4,"Verb, Ichidan verb, Intransitive verb",fueru (å¢—ãˆã‚‹),to increase,ğŸ“ˆ
N4,"Adjective, ã„-adjective",fukai (æ·±ã„),deep,ğŸ•³ï¸
N4,"Noun, Verb, Suru verb",fukushuu (å¾©ç¿’),review (of learned material); revision,ğŸ‘‚
N4,"Noun, Adjective, ãª-adjective",fukuzatsu (è¤‡é›‘),complexity; complication,ğŸ±
N4,"Verb, Godan verb, Transitive verb",fumu (è¸ã‚€),to step on,ğŸ‘£
N4,Noun,fune (èˆ¹),ship,ğŸš¢
N4,"Verb, Godan verb, Intransitive verb",furidasu (é™ã‚Šå‡ºã™),to start to rain,â­
N4,Noun,futon (å¸ƒå›£),"Japanese bedding, futon",ğŸ›ï¸
N4,"Verb, Godan verb, Intransitive verb",futoru (å¤ªã‚‹),to become fat,ğŸ‘‹
N4,"Noun, Adverb",futsuu (æ™®é€š),usually,ğŸ’¯
N4,"Noun, Katakana",garasu (ã‚¬ãƒ©ã‚¹),a glass,ğŸ¥ƒ
N4,"Noun, Katakana",gasorin (ã‚¬ã‚½ãƒªãƒ³),gasoline; petrol,â›½
N4,"Noun, Katakana",gasorin sutando (ã‚¬ã‚½ãƒªãƒ³ã‚¹ã‚¿ãƒ³ãƒ‰),petrol station,ğŸš‰
N4,"Noun, Katakana",gasu (ã‚¬ã‚¹),petrol,â›½
N4,"Noun, Suru verb",genin (åŸå› ),cause,â“
N4,"Noun, Suru verb",geshuku (ä¸‹å®¿),lodging,ğŸ 
N4,Noun,gijutsu (æŠ€è¡“),"art,technology,skill",ğŸ’ª
N4,"Noun, Suru verb",gochisou (ã”ã¡ãã†),a feast,ğŸ§­
N4,Noun,gomi (ã”ã¿),rubbish,ğŸ—‘ï¸
N4,"Verb, Godan verb, Expression",goran ni naru (ã”è¦§ã«ãªã‚‹),(respectful) to see,ğŸ‘€
N4,Noun,goshujin (ã”ä¸»äºº),your husband; her husband,ğŸ‘¨
N4,Noun,gozonji (ã”å­˜ã˜),knowing,â°
N4,Noun,guai (å…·åˆ),condition; health,ğŸ’Š
N4,Noun,ha (è‘‰),leaves; leaf,ğŸƒ
N4,"Noun, Suru verb",haiken (æ‹è¦‹),seeing; looking atâ€‹,ğŸ‘‘
N4,Noun,haisha (æ­¯åŒ»è€…),dentist,ğŸ¦·
N4,Adverb,hakkiri (ã¯ã£ãã‚Š),clearly,ğŸ‘‚
N4,"Verb, Godan verb, Transitive verb",hakobu (é‹ã¶),to carry,ğŸš—
N4,"Noun, Verb, Suru verb",hanami (èŠ±è¦‹),cherry blossom viewing; flower viewing,ğŸŒ¸
N4,"Noun, Katakana",handobaggu (ãƒãƒ³ãƒ‰ãƒãƒƒã‚°),handbag,âœ‹
N4,"Noun, Adjective, ãª-adjective, Suru verb",hantai (åå¯¾),opposition,ğŸš«
N4,"Verb, Godan verb, Transitive verb",harau (æ‰•ã†),to pay,ğŸ’³
N4,"Noun, Suru verb",hatsuon (ç™ºéŸ³),pronunciation,ğŸ—£ï¸
N4,Noun,hayashi (æ—),woods; forest,ğŸŒ²
N4,"Adjective, ã„-adjective",hazukashii (æ¥ãšã‹ã—ã„),embarrassed,ğŸ˜³
N4,"Noun, Adjective, ãª-adjective",hen (å¤‰),strange; peculiar; weird,ğŸ¤ª
N4,"Noun, Suru verb",henji (è¿”äº‹),reply; answer; response,âœ…
N4,Noun,hi (ç«),fire,ğŸ”¥
N4,"Adjective, ã„-adjective",hidoi (é…·ã„),terrible; awfulâ€‹,ğŸ˜±
N4,"Verb, Ichidan verb, Intransitive verb",hieru (å†·ãˆã‚‹),to grow cold,ğŸ§Š
N4,Noun,hige (é«­),beard,ğŸ»
N4,Adverb,hijou ni (éå¸¸ã«),extremely,â€¼ï¸
N4,Noun,hikari (å…‰),light,ğŸ’¡
N4,"Verb, Godan verb, Intransitive verb",hikaru (å…‰ã‚‹),to shine,âœ¨
N4,Noun,hikidashi (å¼•ãå‡ºã—),drawer,ğŸ—„ï¸
N4,"Verb, Godan verb, Transitive verb",hikidasu (å¼•ãå‡ºã™),to withdraw,ğŸ’¸
N4,"Verb, Godan verb, Intransitive verb",hikkosu (å¼•ã£è¶Šã™),to move house,ğŸ 
N4,Noun,hikoujou (é£›è¡Œå ´),airfield; airport,âœˆï¸
N4,"Verb, Godan verb, Intransitive verb, Transitive verb",hiraku (é–‹ã),to open; to undo; to unseal; to unpack,ğŸŒŠ
N4,"Verb, Godan verb, Transitive verb",hirou (æ‹¾ã†),to pick up,â¬†ï¸
N4,Noun,hiruma (æ˜¼é–“),daytime; during the day,â°
N4,Noun,hiruyasumi (æ˜¼ä¼‘ã¿),lunch break; noon recess; noon rest period,ğŸ±
N4,"Noun, Adjective, ãª-adjective",hisashiburi (ä¹…ã—ã¶ã‚Š),after a long time,â°
N4,"Verb, Ichidan verb, Transitive verb",homeru (è¤’ã‚ã‚‹),to praise,ğŸ‘
N4,"Noun, Suru verb",honyaku (ç¿»è¨³),translation,ğŸŒ
N4,Noun,hoshi (æ˜Ÿ),star,â­
N4,Adverbial Noun,hotondo (ã»ã¨ã‚“ã©),mostly,â‰ˆ
N4,Noun,houritsu (æ³•å¾‹),law,âš–ï¸
N4,"Noun, Suru verb",housou (æ”¾é€),to broadcast,ğŸ“»
N4,Noun,ichido (ä¸€åº¦),once; one time; on one occasion,1ï¸âƒ£
N4,Noun,igai (ä»¥å¤–),with the exception of; excepting,ğŸš«
N4,Noun,igaku (åŒ»å­¦),medical science; medicine,ğŸ”¬
N4,"Verb, Ichidan verb, Transitive verb",ijimeru (ã„ã˜ã‚ã‚‹),to tease,ğŸµ
N4,"Noun, Adverbial Noun",ijou (ä»¥ä¸Š),... and more; ... and upwardsâ€‹,â¬†ï¸
N4,Noun,ika (ä»¥ä¸‹),not exceeding,â¬‡ï¸
N4,"Noun, Verb, Suru verb",iken (æ„è¦‹),opinion; view; comment,ğŸ’¬
N4,Noun,ikimono (ç”Ÿãç‰©),living thing,ğŸ“¦
N4,"Verb, Ichidan verb, Intransitive verb",ikiru (ç”Ÿãã‚‹),to live,ğŸ«
N4,"Noun, Suffix",inai (ä»¥å†…),within,ğŸ“
N4,Noun,inaka (ç”°èˆ),countryside,ğŸŒ
N4,"Verb, Godan verb, Transitive verb",inoru (ç¥ˆã‚‹),to pray,ğŸ™
N4,"Noun, Adjective, ãª-adjective, Adverb",ippai (ã„ã£ã±ã„),full,ğŸ¥›
N4,Pre-noun adjectival,ironna (è‰²ã‚“ãª),various,ğŸ¨
N4,Noun,ishi (çŸ³),stone,1ï¸âƒ£
N4,"Verb, Godan verb, Intransitive verb",isogu (æ€¥ã),to hurry; to rush; to hasten; to make something happen sooner,ğŸ–Šï¸
N4,"Noun, Adverbial Noun, Adjective, ãª-adjective",isshoukenmei (ä¸€ç”Ÿæ‡¸å‘½),very hard; with utmost effort,ğŸ’ª
N4,"Verb, Godan verb, Transitive verb",itadaku (é ‚ã),(humble) to receive,ğŸ“¦
N4,"Verb, Godan verb, Transitive verb",itasu (è‡´ã™),(humble) to do,ğŸ™‡
N4,Noun,ito (ç³¸),thread,ğŸ“–
N4,"Noun, Katakana",jamu (ã‚¸ãƒ£ãƒ ),jam,ğŸ“
N4,Noun,ji (å­—),character,ğŸ”¤
N4,Noun,jidai (æ™‚ä»£),period,ğŸ“œ
N4,Noun,jiko (äº‹æ•…),accident,ğŸ’¥
N4,Noun,jimusho (äº‹å‹™æ‰€),office,ğŸ¢
N4,Noun,jinja (ç¥ç¤¾),Shinto shrine,â›©ï¸
N4,Noun,jinkou (äººå£),population,ğŸ‘¥
N4,Noun,jinsei (äººç”Ÿ),human life,ğŸ‘¨
N4,Noun,jishin (åœ°éœ‡),earthquake,ğŸ‘‚
N4,Noun,jiten (è¾å…¸),dictionary,ğŸ“•
N4,"Noun, Adjective, ãª-adjective, Expression",jiyuu (è‡ªç”±),freedom,ğŸ†“
N4,Noun,josei (å¥³æ€§),woman; female,ğŸ‘¨
N4,"Noun, Suru verb",junbi (æº–å‚™),to prepare,ğŸ“‹
N4,"Noun, Adjective, ãª-adjective, Adverb",juubun (ååˆ†),enough; sufficient; plenty; adequate; satisfactory,ğŸ­
N4,Noun,juudou (æŸ”é“),judo,ğŸ¥‹
N4,Noun,juusho (ä½æ‰€),address,ğŸ‘—
N4,"Noun, Katakana",kaaten (ã‚«ãƒ¼ãƒ†ãƒ³),curtain,ğŸªŸ
N4,Noun,kabe (å£),wall,ğŸ§±
N4,Noun,kachou (èª²é•·),section manager; section chief,ğŸ‘¨
N4,Noun,kaeri (å¸°ã‚Š),return; coming back,ğŸ”„
N4,"Verb, Ichidan verb, Transitive verb",kaeru (å¤‰ãˆã‚‹),to change; to transform,ğŸ”„
N4,Noun,kagaku (ç§‘å­¦),science,ğŸ”¬
N4,Noun,kagami (é¡),mirror,ğŸª
N4,Noun,kaigan (æµ·å²¸),coast,ğŸ–ï¸
N4,"Noun, Verb, Suru verb",kaigi (ä¼šè­°),meeting; conference; session; assembly,ğŸ’¼
N4,Noun,kaigishitsu (ä¼šè­°å®¤),conference room; conference hall; council room,ğŸ¤
N4,Noun,kaijou (ä¼šå ´),assembly hall; meeting place; venue; grounds,ğŸ’¼
N4,"Noun, Verb, Suru verb",kaiwa (ä¼šè©±),conversation,ğŸ’¬
N4,Noun,kaji (ç«äº‹),fire,ğŸ”¥
N4,Noun,kakkou (æ ¼å¥½),appearance,ğŸ‘‚
N4,"Verb, Godan verb",kamau (æ§‹ã†),to mind,ğŸ¤·
N4,Noun,kami (é«ª),hair,ğŸ’‡
N4,"Verb, Godan verb, Transitive verb",kamu (å™›ã‚€),"to bite,to chew",ğŸ¦·
N4,Noun,kanai (å®¶å†…),(my) wife; inside the home; one's family,ğŸ 
N4,Adverb,kanarazu (å¿…ãš),always; certainly,ğŸ’¯
N4,"Adjective, ã„-adjective",kanashii (æ‚²ã—ã„),sad,ğŸ˜¢
N4,"Verb, Ichidan verb, Transitive verb",kangaeru (è€ƒãˆã‚‹),to think,ğŸ¤”
N4,Noun,kangofu (çœ‹è­·å©¦),female nurse,ğŸ‘©â€âš•ï¸
N4,"Noun, Suru verb",kankei (é–¢ä¿‚),relationship,ğŸš¢
N4,Pronoun,kanojo (å½¼å¥³),she; herâ€‹,ğŸ‘©
N4,"Noun, Adjective, ãª-adjective",kantan (ç°¡å˜),simple; easy,ğŸ‘
N4,Pronoun,kare (å½¼),he; himâ€‹; his,ğŸ‘¨
N4,Pronoun,karera (å½¼ã‚‰),they; them,ğŸ‘¥
N4,Noun,katachi (å½¢),shape,ğŸ”·
N4,"Verb, Ichidan verb, Transitive verb",katadzukeru (ç‰‡ä»˜ã‘ã‚‹),to tidy up,â¬†ï¸
N4,"Adjective, ã„-adjective",katai (ç¡¬ã„),hard,ğŸ’ª
N4,"Verb, Godan verb, Intransitive verb",katsu (å‹ã¤),to win,ğŸ†
N4,"Verb, Godan verb, Intransitive verb",kawaku (ä¹¾ã),to get dry,ğŸ“¥
N4,Noun,kawari (ä»£ã‚ã‚Š),instead; in place,ğŸµ
N4,"Verb, Godan verb, Intransitive verb",kawaru (å¤‰ã‚ã‚‹),to change,ğŸ”„
N4,"Verb, Godan verb, Intransitive verb",kayou (é€šã†),to commute,ğŸš¶â€â™‚ï¸
N4,"Verb, Godan verb, Transitive verb",kazaru (é£¾ã‚‹),to decorate,ğŸ€
N4,Noun,ke (æ¯›),hair or fur,ğŸ¦±
N4,"Noun, Katakana",keeki (ã‚±ãƒ¼ã‚­),cake,ğŸ‚
N4,"Noun, Suru verb",kega (æ€ªæˆ‘),to injure,ğŸ¤•
N4,"Noun, Suru verb",keikaku (è¨ˆç”»),to plan,ğŸ“…
N4,"Noun, Suru verb",keiken (çµŒé¨“),to experience,ğŸ“Š
N4,Noun,keisatsu (è­¦å¯Ÿ),police,ğŸ‘®
N4,Noun,keizai (çµŒæ¸ˆ),"finance, economy",ğŸ’°
N4,"Noun, Suru verb",kenbutsu (è¦‹ç‰©),sightseeing; visit,ğŸ‘€
N4,"Noun, Suru verb",kenka (å–§å˜©),to quarrel,ğŸ¤œ
N4,"Noun, Suru verb",kenkyuu (ç ”ç©¶),research,ğŸŒŠ
N4,Noun,kenkyuushitsu (ç ”ç©¶å®¤),laboratory,ğŸ”¬
N4,Noun,keshigomu (æ¶ˆã—ã‚´ãƒ ),eraser,ğŸ§¹
N4,Noun,keshiki (æ™¯è‰²),scenery,ğŸ–¼ï¸
N4,Noun,ki (æ°—),spirit,ğŸŒ¬ï¸
N4,"Adjective, ã„-adjective",kibishii (å³ã—ã„),strict,ğŸ˜ 
N4,Noun,kibun (æ°—åˆ†),feeling; mood,ğŸ˜Š
N4,Noun,kikai (æ©Ÿä¼š),chance; opportunity,ğŸ¯
N4,"Noun, Adjective, ãª-adjective",kiken (å±é™º),danger,âš ï¸
N4,"Verb, Ichidan verb, Intransitive verb",kikoeru (èã“ãˆã‚‹),to be heard; to be audible; to be said,ğŸ‘‚
N4,"Verb, Godan verb, Intransitive verb",kimaru (æ±ºã¾ã‚‹),to be decided,âœ”ï¸
N4,"Verb, Ichidan verb, Transitive verb",kimeru (æ±ºã‚ã‚‹),to decide,âœ…
N4,Pronoun,kimi (å›),You,ğŸ‘¤
N4,Noun,kimochi (æ°—æŒã¡),feeling,ğŸ’—
N4,Noun,kimono (ç€ç‰©),kimono; Japanese traditional clothing,ğŸ“¦
N4,Noun,kinjo (è¿‘æ‰€),neighbourhood,ğŸ˜ï¸
N4,Noun,kinu (çµ¹),silk,ğŸ§µ
N4,Noun,kisetsu (å­£ç¯€),season,ğŸŒŠ
N4,Noun,kisha (æ±½è»Š),train,ğŸŒ§ï¸
N4,Noun,kisoku (è¦å‰‡),rule,ğŸ“œ
N4,Noun,ko (å­),child,ğŸ‘¶
N4,Noun,kokoro (å¿ƒ),heart,ğŸ‘‚
N4,Noun,kokusai (å›½éš›),international,ğŸŒ
N4,"Adjective, ã„-adjective",komakai (ç´°ã‹ã„),"small, fine",â¬‡ï¸
N4,Noun,kome (ç±³),(husked grains of) rice,ğŸŒ§ï¸
N4,"Verb, Godan verb, Intransitive verb",komu (è¾¼ã‚€),to be crowded,ğŸš¶â€â™€ï¸ğŸš¶â€â™‚ï¸ğŸš¶
N4,Noun,kondo (ä»Šåº¦),this time; next time,â°
N4,Adverbial Noun,kono aida (ã“ã®é–“),the other day; recently,ğŸ“…
N4,Adverbial Noun,kono goro (ã“ã®ã”ã‚),these days; nowadays,ğŸ“…
N4,"Noun, Katakana",konpyuuta (ã‚³ãƒ³ãƒ”ãƒ¥ãƒ¼ã‚¿),computer,ğŸ’»
N4,"Noun, Katakana",konsaato (ã‚³ãƒ³ã‚µãƒ¼ãƒˆ),concert,ğŸµ
N4,Noun,konya (ä»Šå¤œ),this evening; tonigh,ğŸŒ†
N4,Conjunction,korekara (ã“ã‚Œã‹ã‚‰),after this,â¡ï¸
N4,"Noun, Suru verb",koshou (æ•…éšœ),to break-down,â¬‡ï¸
N4,Noun,kotae (ç­”ãˆ),response,ğŸ’¬
N4,Noun,kotori (å°é³¥),small bird,ğŸ¦
N4,Adverb,kou (ã“ã†),this way,ğŸ‘‰
N4,Noun,kouchou (æ ¡é•·),principal; headmaster,ğŸ§ 
N4,Noun,koudou (è¬›å ‚),auditorium,ğŸ›ï¸
N4,Noun,kougai (éƒŠå¤–),suburb; residential area on the outskirt of a city,ğŸ˜ï¸
N4,"Noun, Suru verb",kougi (è¬›ç¾©),lecture,ğŸ‘¨â€ğŸ«
N4,Noun,kougyou (å·¥æ¥­),industry,ğŸ­
N4,Noun,koujou (å·¥å ´),factory,ğŸ­
N4,Noun,koukou (é«˜æ ¡),senior high school; high schoolâ€‹,ğŸ«
N4,Noun,koukousei (é«˜æ ¡ç”Ÿ),high school student,ğŸ«
N4,Noun,koumuin (å…¬å‹™å“¡),government worker,ğŸ’¼
N4,Noun,koutougakkou (é«˜ç­‰å­¦æ ¡),high school,ğŸ«
N4,Noun,koutsuu (äº¤é€š),traffic,ğŸš¦
N4,"Adjective, ã„-adjective",kowai (æ€–ã„),frightening,âœ…
N4,"Verb, Ichidan verb, Intransitive verb",kowareru (å£Šã‚Œã‚‹),to be broken,ğŸ’”
N4,"Verb, Godan verb, Transitive verb",kowasu (å£Šã™),to break,ğŸ”¨
N4,Noun,kubi (é¦–),neck,ğŸ‘¤
N4,"Verb, Godan verb",kudasaru (ä¸‹ã•ã‚‹),(respectful) to give,ğŸ
N4,Noun,kumo (é›²),cloud,â˜ï¸
N4,Suffix,kun (å›),suffix for familiar young male,ğŸ‘¶
N4,"Verb, Ichidan verb, Transitive verb",kuraberu (æ¯”ã¹ã‚‹),to compare,âš–ï¸
N4,"Verb, Ichidan verb, Intransitive verb",kureru (æš®ã‚Œã‚‹),to get dark,ğŸ“¥
N4,Noun,kusa (è‰),grass,ğŸŒ¿
N4,Noun,kuuki (ç©ºæ°—),air,ğŸ’¨
N4,Noun,kuukou (ç©ºæ¸¯),airport,âœˆï¸
N4,Noun,kyaku (å®¢),guest; customer,ğŸ‘”
N4,"Noun, Suru verb",kyouiku (æ•™è‚²),education,ğŸ±
N4,Noun,kyoukai (æ•™ä¼š),church; congregation; Christian church,â›ª
N4,Noun,kyoumi (èˆˆå‘³),interest (in something); curiosity (about something); zest (for),ğŸ˜Œ
N4,"Noun, Suru verb",kyousou (ç«¶äº‰),competition,ğŸ
N4,"Adjective, ãª-adjective",kyuu (æ€¥),sudden; abrupt; unexpected,â¬†ï¸
N4,"Noun, Verb, Suru verb",kyuukou (æ€¥è¡Œ),hurrying (to somewhere); rushing; hastening,ğŸ”¢
N4,"Verb, Ichidan verb, Transitive verb",machigaeru (é–“é•ãˆã‚‹),to make a mistake (in),âŒ
N4,"Verb, Godan verb, Intransitive verb",mairu (å‚ã‚‹),(humble) to go; to come,ğŸš¶
N4,"Verb, Ichidan verb, Intransitive verb",makeru (è² ã‘ã‚‹),to lose,ğŸ˜
N4,Noun,manga (æ¼«ç”»),comic,ğŸ“š
N4,"Verb, Godan verb, Intransitive verb",maniau (é–“ã«åˆã†),to be in time (for),â°
N4,Noun,mannaka (çœŸã‚“ä¸­),middle; centre; center,ğŸšª
N4,Noun,mawari (å‘¨ã‚Š),around,ğŸ”„
N4,"Verb, Godan verb, Intransitive verb",mawaru (å›ã‚‹),to go around,ğŸš¶
N4,Adverb,mazu (ã¾ãš),first of all,ğŸ’¯
N4,"Verb, Godan verb, Transitive verb",meshiagaru (å¬ã—ä¸ŠãŒã‚‹),to eat; to drinkâ€‹,ğŸ¥¤
N4,"Adjective, ã„-adjective",mezurashii (çã—ã„),unusual; rare,âœ¨
N4,"Verb, Ichidan verb, Intransitive verb",mieru (è¦‹ãˆã‚‹),to be seen; to be in sight; to look; to seem,ğŸ‘€
N4,Noun,minato (æ¸¯),harbour,âš“
N4,Noun,miso (å‘³å™Œ),fermented condiment made from soybeans,ğŸœ
N4,"Verb, Godan verb, Intransitive verb",mitsukaru (è¦‹ã¤ã‹ã‚‹),to be found; to be discovered,ğŸ”´
N4,"Verb, Ichidan verb, Transitive verb",mitsukeru (è¦‹ã¤ã‘ã‚‹),to discover; to find; to come across; to detect; to spot,ğŸ‘‹
N4,Noun,miyako (éƒ½),capital,ğŸ›ï¸
N4,Noun,mizuumi (æ¹–),lake,ğŸï¸
N4,"Verb, Godan verb, Intransitive verb",modoru (æˆ»ã‚‹),to turn back,âª
N4,Noun,momen (æœ¨ç¶¿),cotton (material),ğŸ‘•
N4,Noun,mori (æ£®),forest,ğŸŒ²
N4,Adverb,moshi (ã‚‚ã—),if; in case; supposing,ğŸ¤
N4,"Verb, Ichidan verb, Transitive verb",moushiageru (ç”³ã—ä¸Šã’ã‚‹),to say; to offer,ğŸ™‡â€â™‚ï¸
N4,"Verb, Godan verb, Transitive verb",mousu (ç”³ã™),to be called; to say,ğŸ’¯
N4,"Adverb, Expression",mousugu (ã‚‚ã†ã™ã),soon,â°
N4,"Verb, Ichidan verb, Transitive verb",mukaeru (è¿ãˆã‚‹),to go out to meet,ğŸš¶
N4,"Noun, Adverbial noun",mukashi (æ˜”),"olden days, former",ğŸ“…
N4,"Verb, Godan verb, Intransitive verb",mukau (å‘ã‹ã†),to head towards,ğŸ§ 
N4,"Noun, Adjective, ãª-adjective, Suru verb",muri (ç„¡ç†),impossible,âœ…
N4,Noun,mushi (è™«),insect,ğŸ›
N4,Noun,musuko (æ¯å­),son,ğŸ‘¦
N4,Noun,musume (å¨˜),daughter,ğŸ‘§
N4,"Verb, Ichidan verb, Transitive verb",nageru (æŠ•ã’ã‚‹),to throw or cast away,âš¾
N4,"Verb, Godan verb",naku (æ³£ã),to weep,ğŸ˜¢
N4,"Verb, Godan verb, Intransitive verb",naku naru (ç„¡ããªã‚‹),to disappear; to get lost,ğŸ‘‚
N4,"Verb, Godan verb, Intransitive verb",nakunaru (äº¡ããªã‚‹),to die,ğŸ’€
N4,"Noun, Prefix",nama (ç”Ÿ),raw,ğŸ¥©
N4,"Verb, Godan verb, Intransitive verb",naoru (ç›´ã‚‹),"to be fixed,to be repaired",ğŸ”´
N4,"Verb, Godan verb, Intransitive verb",naoru (æ²»ã‚‹),to be cured; to heal,ğŸ”´
N4,"Verb, Ichidan verb, Intransitive verb",nareru (æ…£ã‚Œã‚‹),to get used to,ğŸ“¥
N4,"Verb, Godan verb, Intransitive verb",naru (é³´ã‚‹),to sound,ğŸ”Š
N4,"Adverb, Expression",naruhodo (ãªã‚‹ã»ã©),now I understand,â°
N4,"Noun, Verb, Suru verb",nebou (å¯åŠ),sleeping in late; oversleeping,ğŸ˜´
N4,Noun,nedan (å€¤æ®µ),price; cost,ğŸš
N4,"Adjective, ã„-adjective",nemui (çœ ã„),sleepy,ğŸ˜´
N4,"Verb, Godan verb, Intransitive verb",nemuru (çœ ã‚‹),to sleep,ğŸ˜´
N4,Noun,netsu (ç†±),fever,ğŸ¤’
N4,"Adjective, ã„-adjective",nigai (è‹¦ã„),bitter,ğŸ˜–
N4,"Verb, Ichidan verb, Intransitive verb",nigeru (é€ƒã’ã‚‹),to escape,ğŸƒâ€â™‚ï¸
N4,Noun,nikaidate (äºŒéšå»ºã¦),two-storied building,ğŸ¢
N4,Noun,ningyou (äººå½¢),doll,ğŸª†
N4,Noun,nioi (åŒ‚ã„),a smell,ğŸ‘ƒ
N4,"Verb, Ichidan verb, Intransitive verb",niru (ä¼¼ã‚‹),to be similar,â‰ˆ
N4,Noun,nodo (å–‰),throat,ğŸ—£ï¸
N4,"Verb, Godan verb, Intransitive verb",nokoru (æ®‹ã‚‹),to remain,â³
N4,"Verb, Ichidan verb, Transitive verb",norikaeru (ä¹—ã‚Šæ›ãˆã‚‹),to change between buses or trains,ğŸŒ§ï¸
N4,Noun,norimono (ä¹—ã‚Šç‰©),vehicle,ğŸš—
N4,"Verb, Ichidan verb, Intransitive verb",nureru (æ¿¡ã‚Œã‚‹),to get wet,ğŸ“¥
N4,"Verb, Godan verb, Transitive verb",nuru (å¡—ã‚‹),to paint; to plaster,ğŸ˜£
N4,"Verb, Godan verb, Transitive verb",nusumu (ç›—ã‚€),to steal,ğŸµ
N4,"Noun, Verb, Suru verb",nyuugaku (å…¥å­¦),entry to school or university; enrollment,ğŸ«
N4,"Noun, Verb, Suru verb",nyuuin (å…¥é™¢),hospitalization,ğŸ¥
N4,"Verb, Ichidan verb, Intransitive verb",ochiru (è½ã¡ã‚‹),to fall or drop,ğŸ’¯
N4,Noun,odori (è¸Šã‚Š),a dance,ğŸ’ƒ
N4,"Verb, Godan verb, Intransitive verb",odoroku (é©šã),to be surprised,ğŸ˜²
N4,"Verb, Godan verb, Intransitive verb",odoru (è¸Šã‚‹),to dance,ğŸ’ƒ
N4,"Verb, Godan verb, Expression",oide ni naru (ãŠå‡ºã§ã«ãªã‚‹),(respectful) to be,ğŸ™
N4,"Noun, Suru verb",oiwai (ãŠç¥ã„),congratulation,ğŸ‰
N4,Noun,ojousan (ãŠå¬¢ã•ã‚“),(another's) daughter,ğŸ‘§
N4,"Adjective, ã„-adjective",okashii (å¯ç¬‘ã—ã„),strange or funny,ğŸ˜†
N4,"Verb, Godan verb, Transitive verb",okonau (è¡Œã†),to perform; to do; to carry out,ğŸš—
N4,"Verb, Godan verb, Intransitive verb",okoru (æ€’ã‚‹),to be angry,ğŸ˜ 
N4,"Verb, Godan verb, Transitive verb",okosu (èµ·ã“ã™),to wake,â°
N4,Numeric,oku (å„„),one hundred million,ğŸ¦
N4,Noun,okujou (å±‹ä¸Š),rooftopâ€‹,ğŸ 
N4,"Verb, Ichidan verb, Intransitive verb",okureru (é…ã‚Œã‚‹),to be late,â°
N4,Noun,okurimono (è´ˆã‚Šç‰©),present; gift,ğŸ
N4,"Verb, Godan verb, Transitive verb",okuru (é€ã‚‹),to send,ğŸ“¤
N4,Noun,omatsuri (ãŠç¥­ã‚Š),festival,ğŸŠ
N4,Noun,omimai (ãŠè¦‹èˆã„),visiting ill or distressed people,ğŸ¥
N4,Noun,omiyage (ãŠåœŸç”£),souvenir,ğŸ
N4,Noun,omocha (ãŠã‚‚ã¡ã‚ƒ),toy,ğŸ§¸
N4,"Verb, Godan verb, Transitive verb",omoidasu (æ€ã„å‡ºã™),to remember,ğŸ’­
N4,Noun,omote (è¡¨),the front,â©
N4,"Noun, Katakana",ootobai (ã‚ªãƒ¼ãƒˆãƒã‚¤),motorcycle,ğŸï¸
N4,Noun,orei (ãŠç¤¼),thanks,ğŸ™
N4,"Verb, Ichidan verb, Intransitive verb",oreru (æŠ˜ã‚Œã‚‹),to break; to be broken,ğŸ’”
N4,"Verb, Ichidan verb, Intransitive verb",oriru (ä¸‹ã‚Šã‚‹),to get off,ğŸ“¥
N4,"Verb, Godan verb, Transitive verb",oru (æŠ˜ã‚‹),to break or to fold,ğŸ“œ
N4,Noun,oshiire (æŠ¼ã—å…¥ã‚Œ),closet,ğŸ”’
N4,"Verb, Godan verb, Transitive verb",ossharu (ä»°ã‚‹),(respectful) to say,ğŸ—¨ï¸
N4,Noun,otaku (ãŠå®…),your home,ğŸ 
N4,Noun,oto (éŸ³),sound; note,ğŸ”Š
N4,"Verb, Godan verb, Transitive verb",otosu (è½ã¨ã™),to drop,â¬‡ï¸
N4,Noun,otsuri (ãŠé‡£ã‚Š),change (for a purchase)â€‹,ğŸ’´
N4,Noun,otto (å¤«),husband,ğŸ‘¨
N4,Noun,owari (çµ‚ã‚ã‚Š),the end,ğŸ”š
N4,Noun,oya (è¦ª),parents,ğŸ‘¨â€ğŸ‘©â€ğŸ‘¦
N4,Noun,oyogikata (æ³³ãæ–¹),way of swimming,ğŸŠ
N4,"Noun, Katakana",paato (ãƒ‘ãƒ¼ãƒˆ),part; part time,â°
N4,"Noun, Katakana",pasokon (ãƒ‘ã‚½ã‚³ãƒ³),personal computer,ğŸ‘¦
N4,"Noun, Katakana",piano (ãƒ”ã‚¢ãƒ),piano,ğŸ¹
N4,"Noun, Katakana",purezento (ãƒ—ãƒ¬ã‚¼ãƒ³ãƒˆ),present; gift,ğŸ
N4,"Noun, Suru verb",reibou (å†·æˆ¿),air conditioning,â„ï¸
N4,"Noun, Katakana",reji (ãƒ¬ã‚¸),cashierâ€‹,ğŸ›’
N4,Noun,rekishi (æ­´å²),history,ğŸ“œ
N4,Suru verb,renraku (é€£çµ¡),to contact; to get in touchâ€‹,ğŸ“¥
N4,"Noun, Katakana",repooto (ãƒ¬ãƒãƒ¼ãƒˆ),report,ğŸ“‹
N4,"Noun, Verb, Suru verb",riyou (åˆ©ç”¨),use; utilization; application,ğŸ±
N4,Noun,riyuu (ç†ç”±),reason,ğŸ‘¦
N4,"Noun, Suru verb",rusu (ç•™å®ˆ),absence,ğŸ 
N4,Noun,ryokan (æ—…é¤¨),traditional inn; Japanese-style lodging,ğŸ¨
N4,Noun,ryouhou (ä¸¡æ–¹),both sides,â†”ï¸
N4,"Adjective, ã„-adjective",sabishii (å¯‚ã—ã„),lonely,1ï¸âƒ£
N4,"Verb, Godan verb, Intransitive verb",sagaru (ä¸‹ãŒã‚‹),to get down,ğŸ“¥
N4,"Verb, Godan verb, Transitive verb",sagasu (æ¢ã™),to look for,ğŸ‘€
N4,"Verb, Ichidan verb, Transitive verb",sageru (ä¸‹ã’ã‚‹),to lower,â¬‡ï¸
N4,Noun,saigo (æœ€å¾Œ),end; last,ğŸ”š
N4,"Noun, Adverbial Noun",saikin (æœ€è¿‘),recently,ğŸ•
N4,"Noun, Adverbial Noun",saisho (æœ€åˆ),beginning; first,1ï¸âƒ£
N4,Noun,saka (å‚),slope; hill,â›°ï¸
N4,"Adjective, ãª-adjective",sakan (ç››ã‚“),popularity; prosperous,ğŸ“ˆ
N4,"Noun, Adverbial Noun",sakuya (æ˜¨å¤œ),last night,ğŸŒ™
N4,"Noun, Katakana",sandaru (ã‚µãƒ³ãƒ€ãƒ«),sandal,ğŸ‘¡
N4,"Noun, Katakana",sandoicchi (ã‚µãƒ³ãƒ‰ã‚¤ãƒƒãƒ),sandwich,ğŸ¥ª
N4,Noun,sangyou (ç”£æ¥­),industry,ğŸ­
N4,"Noun, Katakana",sarada (ã‚µãƒ©ãƒ€),salad,ğŸ¥—
N4,"Noun, Adverbial Noun",saraigetsu (å†æ¥æœˆ),month after next,ğŸ“…
N4,"Noun, Adverbial Noun",saraishuu (å†æ¥é€±),week after next,ğŸ“…
N4,"Verb, Ichidan verb, Transitive verb",sashiageru (å·®ã—ä¸Šã’ã‚‹),to give,ğŸ
N4,"Verb, Godan verb, Intransitive verb",sawagu (é¨’ã),"to make noise,to be excited",ğŸ”Š
N4,"Verb, Godan verb, Intransitive verb",sawaru (è§¦ã‚‹),to touch,âœ‹
N4,Noun,seibutsu (ç”Ÿç‰©),living thing,ğŸ“¦
N4,Noun,seiji (æ”¿æ²»),politics,ğŸ›ï¸
N4,"Noun, Suru verb",seikatsu (ç”Ÿæ´»),to live,ğŸ¡
N4,Noun,seimei (ç”Ÿå‘½),life,ğŸ«€
N4,"Noun, Suru verb",seisan (ç”Ÿç”£),production,ğŸ­
N4,Noun,seiyou (è¥¿æ´‹),the west; Western countries,ğŸ§­
N4,Noun,sekai (ä¸–ç•Œ),the world,ğŸŒ
N4,Noun,seki (å¸­),seat,ğŸŒŠ
N4,Noun,sen (ç·š),line,â–
N4,Noun,senaka (èƒŒä¸­),back (of body),ğŸ§
N4,Noun,senpai (å…ˆè¼©),senior,ğŸ‘”
N4,"Noun, Suru verb",sensou (æˆ¦äº‰),war,âš”ï¸
N4,"Noun, Verb, Suru verb",setsumei (èª¬æ˜),explanation,ğŸŒ
N4,Noun,shachou (ç¤¾é•·),company president; manager; director,ğŸ‘¨
N4,Noun,shakai (ç¤¾ä¼š),society; public; community; the world,ğŸ‘¥
N4,Noun,shi (å¸‚),city,ğŸ™ï¸
N4,"Noun, Suru verb",shiai (è©¦åˆ),"match,game",ğŸ®
N4,"Verb, Godan verb, Transitive verb",shikaru (å±ã‚‹),to scold,ğŸ§Š
N4,Noun,shikata (ä»•æ–¹),way; method,ğŸ¤”
N4,"Noun, Suru verb",shiken (è©¦é¨“),examination,âœï¸
N4,"Adverb, Suru verb",shikkari (ã—ã£ã‹ã‚Š),firmly; steadily,ğŸµ
N4,Noun,shima (å³¶),island,ğŸï¸
N4,Noun,shimin (å¸‚æ°‘),citizen,ğŸ‘¥
N4,Noun,shinamono (å“ç‰©),goods; article; thing,ğŸš¶
N4,Noun,shinbunsha (æ–°èç¤¾),newspaper company,ğŸ“„
N4,"Noun, Adjective, ãª-adjective",shinsetsu (è¦ªåˆ‡),kindness,ğŸ˜Š
N4,"Noun, Suru verb",shippai (å¤±æ•—),failure,âŒ
N4,"Verb, Ichidan verb, Transitive verb",shiraberu (èª¿ã¹ã‚‹),to investigate,ğŸ”
N4,"Verb, Ichidan verb, Transitive verb",shiraseru (çŸ¥ã‚‰ã›ã‚‹),to notify,ğŸ“¢
N4,Noun,shitagi (ä¸‹ç€),underwear,ğŸ‘‚
N4,Noun,shokuryouhin (é£Ÿæ–™å“),food; groceries,ğŸ±
N4,Noun,shougakkou (å°å­¦æ ¡),elementary school,ğŸ«
N4,"Verb, Ichidan verb, Transitive verb",shoujiru (ç”Ÿã˜ã‚‹),to produce,âš¡
N4,"Noun, Suru verb",shoukai (ç´¹ä»‹),introduction,ğŸ‘¥
N4,"Noun, Adverbial Noun",shourai (å°†æ¥),future,â­ï¸
N4,Noun,shousetsu (å°èª¬),novel,ğŸ“–
N4,Noun,shumi (è¶£å‘³),hobby; pastime; preference,â°
N4,Noun,shuukan (ç¿’æ…£),habit; custom; cultural practice.,ğŸ¯
N4,Noun,sobo (ç¥–æ¯),grandmother,ğŸ‘©
N4,"Verb, Ichidan verb, Transitive verb",sodateru (è‚²ã¦ã‚‹),"to rear,to bring up",ğŸ‘‚
N4,Noun,sofu (ç¥–çˆ¶),grandfather,ğŸ‘¨
N4,"Noun, Katakana",sofuto (ã‚½ãƒ•ãƒˆ),soft,â˜ï¸
N4,Pre-noun adjectival,sonna (ãã‚“ãª),that sort of,ğŸ©
N4,Conjunction,sore de (ãã‚Œã§),because of that,ğŸ©
N4,Adverb,sore hodo (ãã‚Œã»ã©),to that extent,ğŸ©
N4,Adverb,sorosoro (ãã‚ãã‚),gradually; soon,ğŸ’¯
N4,"Noun, Suru verb",sotsugyou (å’æ¥­),graduation,ğŸ“
N4,"Noun, Suru verb",soudan (ç›¸è«‡),to discuss,ğŸ’¬
N4,"Adjective, ã„-adjective",subarashii (ç´ æ™´ã‚‰ã—ã„),wonderful,â­
N4,"Verb, Godan verb, Intransitive verb",suberu (æ»‘ã‚‹),to slide; to slip,ğŸ›
N4,"Adjective, ã„-adjective",sugoi (å‡„ã„),terrific,ğŸ˜²
N4,Noun,suidou (æ°´é“),water supply,ğŸ’§
N4,"Noun, Suru verb",suiei (æ°´æ³³),swimming,ğŸŠ
N4,Adverb,sukkari (ã™ã£ã‹ã‚Š),completely,ğŸ’¯
N4,"Verb, Godan verb, Intransitive verb",suku (ç©ºã),to be hungry,ğŸ¤¤
N4,"Noun, Katakana",sukuriin (ã‚¹ã‚¯ãƒªãƒ¼ãƒ³),screen,ğŸ–¥ï¸
N4,Noun,sumi (éš…),corner; nook,ğŸ“
N4,"Verb, Godan verb, Intransitive verb",sumu (æ¸ˆã‚€),to finish,âœ…
N4,Noun,suna (ç ‚),sand,ğŸ–ï¸
N4,Noun,suri (ã™ã‚Š),pickpocket,ğŸ¥·
N4,"Noun, Katakana",sustsukeesu (ã‚¹ãƒ¼ãƒ„ã‚±ãƒ¼ã‚¹),suitcase,ğŸ§³
N4,"Verb, Godan verb, Intransitive verb",susumu (é€²ã‚€),to make progress,â©
N4,"Noun, Katakana",suteeki (ã‚¹ãƒ†ãƒ¼ã‚­),steak,ğŸµ
N4,"Noun, Katakana",sutereo (ã‚¹ãƒ†ãƒ¬ã‚ª),stereo,ğŸ”Š
N4,"Verb, Ichidan verb, Transitive verb",suteru (æ¨ã¦ã‚‹),to throw away,ğŸ—‘ï¸
N4,Noun,suugaku (æ•°å­¦),mathematics; arithmetic,ğŸ”¢
N4,"Noun, Katakana",suutsu (ã‚¹ãƒ¼ãƒ„),suit,ğŸ‘”
N4,"Adjective, ã„-adjective",tadashii (æ­£ã—ã„),right; correct,âœ…
N4,"Noun, Verb, Suru verb",tai'in (é€€é™¢),leaving hospital; discharge from hospital,ğŸ¥
N4,Noun,taifuu (å°é¢¨),typhoon,ğŸŒ€
N4,Noun,taipu (ã‚¿ã‚¤ãƒ—),"type,style",âŒ¨ï¸
N4,"Noun, Adjective, ãª-adjective, Adverb",taitei (ãŸã„ã¦ã„),usually,ğŸ’¯
N4,Adverb,tamani (ãŸã¾ã«),occasionally,ğŸ’¯
N4,Noun,tana (æ£š),shelves,ğŸ—„ï¸
N4,"Noun, Suru verb",tanjou (èª•ç”Ÿ),birth,ğŸ‘¶
N4,"Noun, Adjective, ãª-adjective",tanoshimi (æ¥½ã—ã¿),looking forward toâ€‹,ğŸ‘‘
N4,"Verb, Ichidan verb, Intransitive verb",taoreru (å€’ã‚Œã‚‹),"to fall (over, down)",â¬‡ï¸
N4,"Verb, Ichidan verb, Intransitive verb",tariru (è¶³ã‚Šã‚‹),to be sufficient; to be enough,âœ”ï¸
N4,"Verb, Godan verb, Transitive verb",tasu (è¶³ã™),to add (numbers / something),ğŸ”¢
N4,Noun,tatami (ç•³),Japanese straw mat,ğŸŒ
N4,"Verb, Ichidan verb, Transitive verb",tateru (å»ºã¦ã‚‹),to build,ğŸ—ï¸
N4,"Verb, Ichidan verb, Transitive verb",tazuneru (å°‹ã­ã‚‹),to ask,â“
N4,"Verb, Ichidan verb, Transitive verb",tazuneru (è¨ªã­ã‚‹),to visit,ğŸš¶
N4,Noun,tebukuro (æ‰‹è¢‹),glove,â¤ï¸
N4,"Noun, Adjective, ãª-adjective",teinei (ä¸å¯§),polite,ğŸ™‡
N4,"Noun, Katakana",tekisuto (ãƒ†ã‚­ã‚¹ãƒˆ),text; textbook,ğŸ“–
N4,"Noun, Adjective, ãª-adjective",tekitou (é©å½“),suitable,ğŸª‘
N4,Noun,ten (ç‚¹),point; dot,â€¢
N4,Noun,ten'in (åº—å“¡),employee (of a store); shop assistant; clerk,ğŸª
N4,"Noun, Katakana",tenisu (ãƒ†ãƒ‹ã‚¹),tennis,ğŸ¾
N4,Noun,tenkiyohou (å¤©æ°—äºˆå ±),weather forecast,ğŸ½ï¸
N4,Noun,tenrankai (å±•è¦§ä¼š),exhibition,ğŸ–¼ï¸
N4,Noun,tera (å¯º),temple,â›©ï¸
N4,"Verb, Godan verb, Transitive verb",tetsudau (æ‰‹ä¼ã†),to help; to assist; to aidâ€‹,ğŸ¤
N4,"Noun, Adverbial Noun",tochuu (é€”ä¸­),on the way,ğŸ›¤ï¸
N4,"Verb, Ichidan verb, Transitive verb",todokeru (å±Šã‘ã‚‹),to sendâ€‹,ğŸ“¤
N4,Noun,tokkyuu (ç‰¹æ€¥),"limited express (train, faster than an express)",ğŸŒ§ï¸
N4,Noun,tokoya (åºŠå±‹),barber,ğŸ’ˆ
N4,"Noun, Adjective, ãª-adjective",tokubetsu (ç‰¹åˆ¥),special; particular; extraordinary; exceptional,â­
N4,Adverb,tokuni (ç‰¹ã«),particularly; especially; in particular; expressly,ğŸ’¯
N4,"Verb, Godan verb, Intransitive verb",tomaru (æ³Šã¾ã‚‹),to stay at,ğŸ›ï¸
N4,"Verb, Ichidan verb, Transitive verb",tomeru (æ­¢ã‚ã‚‹),to stop something,ğŸ”
N4,"Noun, Adverbial Noun",tooku (é ã),distant,ğŸ”­
N4,"Verb, Godan verb, Intransitive verb",tooru (é€šã‚‹),to go through,ğŸš¶
N4,"Verb, Ichidan verb, Transitive verb",torikaeru (å–ã‚Šæ›¿ãˆã‚‹),to exchange; to swap; to replace,ğŸ”„
N4,Adverb,toutou (åˆ°é ­),"finally, after all",ğŸ’¯
N4,"Verb, Ichidan verb, Transitive verb",tsudzukeru (ç¶šã‘ã‚‹),to continue; to keep up; to keep on,â¬†ï¸
N4,"Verb, Godan verb, Intransitive verb",tsudzuku (ç¶šã),to continue,â¡ï¸
N4,"Noun, Adverb",tsugou (éƒ½åˆ),convenience,ğŸ“…
N4,"Verb, Ichidan verb, Transitive verb",tsukamaeru (æ•ã¾ãˆã‚‹),to catch,ğŸ±
N4,"Verb, Ichidan verb, Transitive verb",tsukeru (æ¼¬ã‘ã‚‹),to soak; to pickle,ğŸ¥’
N4,Noun,tsuki (æœˆ),moon,ğŸŒ™
N4,"Verb, Godan verb, Intransitive verb",tsuku (ä»˜ã),to be attached,ğŸ“
N4,Noun,tsuma (å¦»),(humble) wife,ğŸ‘©
N4,"Verb, Ichidan verb, Transitive verb",tsureru (é€£ã‚Œã‚‹),to take (someone) with one,1ï¸âƒ£
N4,"Verb, Godan verb, Transitive verb",tsuru (é‡£ã‚‹),to fish,ğŸŸ
N4,"Verb, Ichidan verb, Transitive verb",tsutaeru (ä¼ãˆã‚‹),to report; to tell,ğŸ“£
N4,"Verb, Godan verb, Transitive verb",tsutsumu (åŒ…ã‚€),to wrap,ğŸ
N4,Noun,ude (è…•),arm,ğŸ’ª
N4,"Verb, Ichidan verb, Transitive verb",ueru (æ¤ãˆã‚‹),to plant; to grow,ğŸŒ±
N4,"Verb, Godan verb, Intransitive verb",ugoku (å‹•ã),to move,ğŸƒ
N4,"Verb, Godan verb, Transitive verb",ukagau (ä¼ºã†),to visit,ğŸš¶â€â™‚ï¸
N4,"Verb, Ichidan verb, Transitive verb",ukeru (å—ã‘ã‚‹),to take a lesson or test,ğŸ‘¦
N4,Noun,uketsuke (å—ä»˜),reception (desk); information deskâ€‹,ğŸª‘
N4,Noun,umare (ç”Ÿã¾ã‚Œ),birth,ğŸ‘¶
N4,Noun,untenshu (é‹è»¢æ‰‹),driver; chauffeur,ğŸï¸
N4,Noun,ura (è£),reverse side,ğŸ”™
N4,"Adjective, ã„-adjective",ureshii (å¬‰ã—ã„),happy,ğŸ˜Š
N4,Noun,uriba (å£²ã‚Šå ´),selling area,ğŸ’°
N4,Noun,uso (å˜˜),a lie,âŒ
N4,"Verb, Godan verb, Transitive verb",utsu (æ‰“ã¤),to hit,ğŸ‘Š
N4,"Adjective, ã„-adjective",utsukushii (ç¾ã—ã„),beautiful,âœ¨
N4,"Verb, Godan verb, Intransitive verb",utsuru (ç§»ã‚‹),to move house or transfer,ğŸ 
N4,"Verb, Godan verb, Transitive verb",utsusu (å†™ã™),to copy or photograph,ğŸ“·
N4,"Noun, Katakana",waapuro (ãƒ¯ãƒ¼ãƒ—ãƒ­),word processor,âŒ¨ï¸
N4,"Verb, Ichidan verb, Intransitive verb",wakareru (åˆ¥ã‚Œã‚‹),to separate,ğŸ‘‹
N4,"Verb, Godan verb, Transitive verb",wakasu (æ²¸ã‹ã™),to boil; to heat,ğŸ½ï¸
N4,"Verb, Godan verb, Intransitive verb",waku (æ²¸ã),to boil,â™¨ï¸
N4,"Verb, Godan verb, Intransitive verb",warau (ç¬‘ã†),to laugh; to smile,ğŸ˜‚
N4,"Verb, Ichidan verb, Intransitive verb",wareru (å‰²ã‚Œã‚‹),to break,ğŸ’¥
N4,Noun,wariai (å‰²åˆ),rate; ratio,ğŸ“Š
N4,Noun,wasuremono (å¿˜ã‚Œç‰©),lost article,ğŸ”
N4,"Verb, Ichidan verb, Intransitive verb",yakeru (ç„¼ã‘ã‚‹),to burn; to be roasted,ğŸ”¥
N4,"Verb, Godan verb, Transitive verb",yaku (ç„¼ã),to bake; to grill,ğŸ³
N4,"Verb, Godan verb, Expression",yakunitatsu (å½¹ã«ç«‹ã¤),to be helpful,ğŸ‘
N4,"Noun, Suru verb",yakusoku (ç´„æŸ),promise,ğŸ¤
N4,"Verb, Godan verb, Intransitive verb",yamu (æ­¢ã‚€),to stop,ğŸ”
N4,Adverb,yappari (ã‚„ã£ã±ã‚Š),as I thought,ğŸ’­
N4,"Adjective, ã„-adjective",yasashii (å„ªã—ã„),kind,ğŸ’•
N4,"Verb, Ichidan verb, Intransitive verb",yaseru (ç—©ã›ã‚‹),to become thin,ğŸ‘‹
N4,"Adjective, ã„-adjective",yawarakai (æŸ”ã‚‰ã‹ã„),soft,ğŸ§¸
N4,"Verb, Ichidan verb, Intransitive verb",yogoreru (æ±šã‚Œã‚‹),to get dirty,ğŸ“¥
N4,"Verb, Godan verb",yorokobu (å–œã¶),to be delighted,ğŸ˜„
N4,"Verb, Godan verb, Intransitive verb",yoru (å¯„ã‚‹),to visit; to drop by,ğŸš¶
N4,"Noun, Verb, Suru verb",yoshuu (äºˆç¿’),preparation for a lesson,ğŸ‘¦
N4,"Noun, Suru verb",yotei (äºˆå®š),plan,ğŸ“†
N4,"Noun, Suffix",you (ç”¨),business; task; errand; use; purpose,ğŸšŒ
N4,"Noun, Verb, Suru verb",youi (ç”¨æ„),preparation; arrangements; provision; getting ready,ğŸ“–
N4,Noun,youji (ç”¨äº‹),tasks; things to do; errand; business (to take care of),ğŸš—
N4,"Noun, Suru verb",yoyaku (äºˆç´„),reservation,ğŸ“…
N4,Noun,yu (æ¹¯),hot water,ğŸ’§
N4,Noun,yubi (æŒ‡),finger,ğŸ‘†
N4,Noun,yubiwa (æŒ‡è¼ª),finger ring,ğŸ‘†
N4,Noun,yume (å¤¢),dream,ğŸ’¤
N4,"Verb, Ichidan verb, Intransitive verb",yureru (æºã‚Œã‚‹),to shake,ğŸ“³
N4,"Noun, Adjective, ãª-adjective",zannen (æ®‹å¿µ),regrettable; unfortunate,ğŸª‘
N4,Adverb,zenzen (å…¨ç„¶),not entirely (used in a negative sentence),ğŸš«
N5,"Verb, Ichidan verb, Transitive verb",abiru (æµ´ã³ã‚‹),"to bathe, to shower",ğŸš¿
N5,"Adjective, ã„-adjective",abunai (å±ãªã„),dangerous,âš ï¸
N5,Pronoun,acchi (ã‚ã£ã¡),over there,ğŸ‘‰
N5,Pronoun,achira (ã‚ã¡ã‚‰),there,ğŸ‘ˆ
N5,"Verb, Ichidan verb, Transitive verb",ageru (ä¸Šã’ã‚‹),to raise; to elevate; to give,ğŸ
N5,Noun,aka (èµ¤),red; crimson; scarletâ€‹,ğŸš—
N5,"Adjective, ã„-adjective",akai (èµ¤ã„),red; crimson; scarletâ€‹,ğŸš—
N5,"Adjective, ã„-adjective",akarui (æ˜ã‚‹ã„),bright; light,âœ…
N5,"Verb, Ichidan verb, Transitive verb",akeru (é–‹ã‘ã‚‹),"to open (a door, etc.); to unwrap (e.g. parcel, package); to unlock",ğŸ”“
N5,Noun,aki (ç§‹),autumn; fall,ğŸ‚
N5,"Verb, Godan verb, Intransitive verb",aku (é–‹ã),"to open (e.g. doors, business, etc)",ğŸšŒ
N5,"Adjective, ã„-adjective",amai (ç”˜ã„),sweet; sweet-tasting; sugary; naive; indulgent,ğŸ¯
N5,Noun,ame (é›¨),rain,ğŸŒ§ï¸
N5,Noun,ame (é£´),candy,ğŸ¬
N5,Pronoun,anata (ã‚ãªãŸ),you,ğŸ‘¤
N5,Noun,ane (å§‰),older sister; elder sisterâ€‹,ğŸ‘§
N5,Noun,ani (å…„),elder brother; older brotherâ€‹,ğŸ‘¦
N5,Pre-noun adjectival,ano (ã‚ã®),that,ğŸ©
N5,Noun,ao (é’),blue; azure,ğŸ”µ
N5,"Adjective, ã„-adjective",aoi (é’ã„),blue; azure,ğŸ”µ
N5,"Noun, Katakana",apaato (ã‚¢ãƒ‘ãƒ¼ãƒˆ),apartment,ğŸ¢
N5,"Verb, Godan verb, Transitive verb",arau (æ´—ã†),to wash,ğŸ§¼
N5,Pronoun,are (ã‚ã‚Œ),that,ğŸ©
N5,"Verb, Godan verb, Intransitive verb",aru (ã‚ã‚‹),"to be, to have",âœ”ï¸
N5,"Verb, Godan verb, Intransitive verb",aruku (æ­©ã),to walk,ğŸš¶
N5,Noun,asa (æœ),morning,ğŸŒ…
N5,Noun,asagohan (æœã”é£¯),breakfast,ğŸ³
N5,Noun,asatte (æ˜å¾Œæ—¥),day after tomorrow,ğŸ“…
N5,Noun,ashi (è¶³),foot; leg; paw; arm,ğŸ¦¶
N5,"Noun, Temporal noun",ashita (æ˜æ—¥),tomorrow,ğŸ“…
N5,"Verb, Godan verb, Intransitive verb",asobu (éŠã¶),to play; to enjoy oneself,ğŸ®
N5,Pronoun,asoko (ã‚ãã“),over there,ğŸ‘‡
N5,Noun,atama (é ­),head,ğŸ§ 
N5,"Adjective, ã„-adjective",atarashii (æ–°ã—ã„),new; novel; fresh; recent; latest,âœ¨
N5,"Adjective, ã„-adjective",atatakai (æš–ã‹ã„),warm,ğŸ’ª
N5,Noun,ato (å¾Œ),behind; after; remainder; left; also,â¬…ï¸
N5,"Adjective, ã„-adjective",atsui (æš‘ã„),hot; sultry,ğŸ”¥
N5,"Adjective, ã„-adjective",atsui (åšã„),thick,ğŸ“š
N5,"Adjective, ã„-adjective",atsui (ç†±ã„),hot,ğŸ”¥
N5,"Verb, Godan verb, Intransitive verb",au (ä¼šã†),to meet; to encounter; to see,ğŸ‘€
N5,Noun,bangohan (æ™©ã”é£¯),dinner; evening meal,ğŸŒ†
N5,Noun,bangou (ç•ªå·),number,ğŸ”¢
N5,"Noun, Katakana",basu (ãƒã‚¹),bus,ğŸšŒ
N5,"Noun, Katakana",bataa (ãƒã‚¿ãƒ¼),butterâ€‹,ğŸ§ˆ
N5,"Noun, Katakana",beddo (ãƒ™ãƒƒãƒ‰),bed,ğŸ›ï¸
N5,"Noun, Suru verb",benkyou (å‹‰å¼·),to study,ğŸ“–
N5,ãª-adjective,benri (ä¾¿åˆ©),convenient; handy; useful,âœ‹
N5,"Noun, Katakana",boorupen (ãƒœãƒ¼ãƒ«ãƒšãƒ³),ball-point pen,ğŸ–Šï¸
N5,"Noun, Katakana",botan (ãƒœã‚¿ãƒ³),button,ğŸ”˜
N5,Noun,boushi (å¸½å­),hat; cap,ğŸ©
N5,Noun,bunshou (æ–‡ç« ),sentence,ğŸ“„
N5,Noun,butaniku (è±šè‚‰),pork,ğŸ¥“
N5,Noun,byouin (ç—…é™¢),hospital,ğŸ¥
N5,Noun,byouki (ç—…æ°—),illness; disease; sickness,ğŸŒŠ
N5,Noun,chairo (èŒ¶è‰²),brown,ğŸŸ¤
N5,Noun,chawan (èŒ¶ç¢—),rice bowl; tea cup; teacup,ğŸš
N5,Noun,chichi (çˆ¶),father,ğŸ‘¨
N5,"Verb, Godan verb, Intransitive verb",chigau (é•ã†),to differ,â‰ 
N5,"Adjective, ã„-adjective",chiisai (å°ã•ã„),small; little; tiny,â¬‡ï¸
N5,Pre-noun adjectival,chiisana (å°ã•ãª),small; little; tinyâ€‹,â¬‡ï¸
N5,ã„-adjective,chikai (è¿‘ã„),near; close,ğŸ‘‚
N5,Noun,chikatetsu (åœ°ä¸‹é‰„),subway; underground train,ğŸŒ§ï¸
N5,Noun,chizu (åœ°å›³),map,ğŸ—ºï¸
N5,Adverb,chotto (ã¡ã‚‡ã£ã¨),a little,ğŸ”¢
N5,Adverb,choudo (ä¸åº¦),exactly,ğŸ¯
N5,Noun,daidokoro (å°æ‰€),kitchen,ğŸ³
N5,Noun,daigaku (å¤§å­¦),university; college,ğŸ¦µ
N5,"Adjective, ãª-adjective, Adverb",daijoubu (å¤§ä¸ˆå¤«),OK; okay; alright; problem free,âœ…
N5,"Adjective, ãª-adjective",daisuki (å¤§å¥½ã),love; like; like very much,â¤ï¸
N5,Adverb,dandan (ã ã‚“ã ã‚“),gradually,ğŸ’¯
N5,Pronoun,dare (èª°),who,â“
N5,Pronoun,dareka (èª°ã‹),someone; somebody,ğŸ§
N5,"Verb, Godan verb, Transitive verb",dasu (å‡ºã™),to take out; to get out; to put out; to reveal,ğŸ“¥
N5,Noun,deguchi (å‡ºå£),exit; gateway; way out,ğŸšª
N5,"Verb, Ichidan verb, Intransitive verb",dekakeru (å‡ºã‹ã‘ã‚‹),to go out; to leave; to depart,ğŸš¶
N5,Noun,denki (é›»æ°—),electricity,âš¡
N5,Noun,densha (é›»è»Š),train; electric train,ğŸŒ§ï¸
N5,"Noun, Verb, Suru verb",denwa (é›»è©±),telephone (call / device)l; phone call,ğŸ“±
N5,"Noun, Katakana",depaato (ãƒ‡ãƒ‘ãƒ¼ãƒˆ),department store,ğŸª
N5,"Verb, Ichidan verb, Intransitive verb",deru (å‡ºã‚‹),to leave; to exit; to appear; to go out,ğŸ‘‚
N5,"Noun, Katakana",doa (ãƒ‰ã‚¢),door,ğŸšª
N5,Pronoun,docchi (ã©ã£ã¡),which; which one,1ï¸âƒ£
N5,Pronoun,dochira (ã©ã¡ã‚‰),which of two,2ï¸âƒ£
N5,Pronoun,doko (ã©ã“),where; what placeâ€‹,ğŸ©
N5,Noun,donata (ã©ãªãŸ),who,â“
N5,Pre-noun adjectival,dono (ã©ã®),which,â”
N5,Pronoun,dore (ã©ã‚Œ),which (of three or more)â€‹,3ï¸âƒ£
N5,Adverb,dou (ã©ã†),how; in what way; how aboutâ€‹,ğŸ©
N5,Noun,doubutsu (å‹•ç‰©),animal,ğŸ¾
N5,Adverb,doumo (ã©ã†ã‚‚),thank you; thanks,ğŸ™‡â€â™‚ï¸
N5,Adverb,douzo (ã©ã†ã),please,ğŸ™
N5,Noun,doyoubi (åœŸæ›œæ—¥),Saturday,ğŸ“…
N5,Noun,e (çµµ),picture,ğŸ–¼ï¸
N5,Noun,ee (ãˆãˆ),yes; that is correct; right,ğŸ©
N5,Noun,eiga (æ˜ ç”»),movie; film,ğŸ¬
N5,Noun,eigakan (æ˜ ç”»é¤¨),movie theater; cinema,ğŸ­
N5,Noun,eigo (è‹±èª),English language,ğŸ’¬
N5,Noun,eki (é§…),station,ğŸš‰
N5,Noun,enpitsu (é‰›ç­†),pencil,ğŸ–Šï¸
N5,"Noun, Katakana",erebeetaa (ã‚¨ãƒ¬ãƒ™ãƒ¼ã‚¿ãƒ¼),elevator,ğŸ›—
N5,"Noun, Katakana",firumu (ãƒ•ã‚£ãƒ«ãƒ ),film,ğŸ“½ï¸
N5,"Noun, Katakana",fooku (ãƒ•ã‚©ãƒ¼ã‚¯),fork,ğŸ´
N5,Noun,fuku (æœ),clothes,ğŸ‘”
N5,"Verb, Godan verb, Intransitive verb",fuku (å¹ã),to blow (of the wind),ğŸ’¨
N5,"Verb, Godan verb, Intransitive verb",furu (é™ã‚‹),to fall,ğŸ’¯
N5,ã„-adjective,furui (å¤ã„),old (not used for people),ğŸ“œ
N5,Noun,futari (äºŒäºº),two people; pair; couple,2ï¸âƒ£
N5,"Noun, Numeric",futatsu (äºŒã¤),two; 2,2ï¸âƒ£
N5,"Adjective, ã„-adjective",futoi (å¤ªã„),fat; thick,â¬›
N5,Noun,futsuka (äºŒæ—¥),the second day of the month / 2 days,2ï¸âƒ£
N5,Noun,fuutou (å°ç­’),envelope,âœ‰ï¸
N5,Noun,fuyu (å†¬),winter,â„ï¸
N5,Noun,gaikoku (å¤–å›½),foreign country,ğŸŒ
N5,Noun,gaikokujin (å¤–å›½äºº),foreigner; foreign citizen; foreign national; alien; non-Japanese,ğŸŒ
N5,Noun,gakkou (å­¦æ ¡),school,ğŸ«
N5,Noun,gakusei (å­¦ç”Ÿ),student,ğŸ‘¨â€ğŸ“
N5,Noun,genkan (ç„é–¢),entrance,ğŸšª
N5,"Noun, Adjective, ãª-adjective",genki (å…ƒæ°—),lively; full of spirit; energetic; healthy,ğŸ“¥
N5,Noun,getsuyoubi (æœˆæ›œæ—¥),Monday,ğŸ“…
N5,Noun,ginkou (éŠ€è¡Œ),bank,ğŸ¦
N5,"Noun, Katakana",gitaa (ã‚®ã‚¿ãƒ¼),guitar,ğŸ¸
N5,"Noun, Numeric",go (äº”),five; 5,5ï¸âƒ£
N5,Noun,gogo (åˆå¾Œ),afternoon; p.m.,ğŸ•
N5,Noun,gohan (ã”é£¯),"cooked rice, meal",ğŸ½ï¸
N5,Noun,gozen (åˆå‰),morning; a.m.,ğŸŒ…
N5,"Noun, Katakana",guramu (ã‚°ãƒ©ãƒ ),gram,âš–ï¸
N5,Noun,gyuuniku (ç‰›è‚‰),beef,ğŸ
N5,Noun,gyuunyuu (ç‰›ä¹³),(cow's) milk,ğŸ„
N5,Noun,ha (æ­¯),tooth,ğŸ¦·
N5,"Noun, Numeric",hachi (å…«),eight: 8,8ï¸âƒ£
N5,Noun,hagaki (è‘‰æ›¸),postcard,ğŸš—
N5,Noun,haha (æ¯),mother,ğŸ‘©
N5,Noun,hai (ã¯ã„),yes; that is correctâ€‹,ğŸ©
N5,"Verb, Godan verb, Intransitive verb",hairu (å…¥ã‚‹),to enter; to go into,ğŸšª
N5,Noun,haizara (ç°çš¿),ashtray,ğŸš¬
N5,"Verb, Godan verb, Intransitive verb",hajimaru (å§‹ã¾ã‚‹),to begin,â–¶ï¸
N5,Adverb,hajimete (åˆã‚ã¦),for the first time,â°
N5,Noun,hako (ç®±),box; crate,ğŸ“¦
N5,"Verb, Godan verb, Transitive verb",haku (å±¥ã),"to wear, to put on trousers",ğŸ‘‚
N5,Noun,han (åŠ),half; semi-; half-past,â®ï¸
N5,Noun,hana (èŠ±),flower,ğŸŒ¸
N5,Noun,hana (é¼»),nose,ğŸ‘ƒ
N5,Noun,hanashi (è©±),talk; speech; chat; conversationâ€‹,ğŸ©
N5,"Verb, Godan verb, Transitive verb",hanasu (è©±ã™),to speak; to talk; to converse,ğŸ’¬
N5,Noun,hanbun (åŠåˆ†),half,Â½
N5,"Noun, Katakana",hankachi (ãƒãƒ³ã‚«ãƒ),handkerchiefâ€‹,âœ‹
N5,Noun,hare (æ™´ã‚Œ),clear weather,ğŸ‘‚
N5,"Verb, Ichidan verb, Intransitive verb",hareru (æ™´ã‚Œã‚‹),to be sunny,â˜€ï¸
N5,Noun,haru (æ˜¥),spring; springtime,ğŸŒ¸
N5,"Verb, Godan verb, Transitive verb",haru (è²¼ã‚‹),to stick; to paste,â®ï¸
N5,Noun,hashi (ç®¸),chopsticks,ğŸ¥¢
N5,Noun,hashi (æ©‹),bridge,ğŸŒ‰
N5,"Verb, Godan verb, Intransitive verb",hashiru (èµ°ã‚‹),to run,ğŸƒ
N5,Noun,hatachi (äºŒåæ­³),20 years old; twenty years old,ğŸ‘‚
N5,"Verb, Godan verb, Intransitive verb",hataraku (åƒã),to work,ğŸ’¼
N5,Noun,hatsuka (äºŒåæ—¥),twentieth day of the month / 20 days,ğŸ“…
N5,"Adjective, ã„-adjective",hayai (é€Ÿã„),fast; quick; hasty; brisk,âš¡
N5,"Adjective, ã„-adjective",hayai (æ—©ã„),fast; early,ğŸ‘‚
N5,Noun,hen (è¾º),area,ğŸ“
N5,"Noun, Adjective, ãª-adjective",heta (ä¸‹æ‰‹),unskillful; poor; awkwardâ€‹,ğŸ’ª
N5,Noun,heya (éƒ¨å±‹),room,ğŸšª
N5,Noun,hidari (å·¦),left; left hand side,âœ‹
N5,Noun,higashi (æ±),east,ğŸ§­
N5,Noun,hikouki (é£›è¡Œæ©Ÿ),airplane; aircraft,âœˆï¸
N5,"Verb, Godan verb, Transitive verb",hiku (å¼•ã),to pull,â¬…ï¸
N5,"Verb, Godan verb, Transitive verb",hiku (å¼¾ã),to play,ğŸ®
N5,ã„-adjective,hikui (ä½ã„),"short,low",ğŸ“
N5,"Noun, ãª-adjective",hima (æš‡),free time,â°
N5,ã„-adjective,hiroi (åºƒã„),spacious; vast; wide,ğŸï¸
N5,Noun,hiru (æ˜¼),noon; midday; daytime; lunch,ğŸ±
N5,Noun,hirugohan (æ˜¼ã”é£¯),lunch,ğŸ±
N5,Noun,hito (äºº),person; human,ğŸ‘¦
N5,"Noun, Adverb",hitori (ä¸€äºº),one personâ€‹; alone; single,ğŸ‘¦
N5,"Noun, Numeric",hitotsu (ä¸€ã¤),one thing; only,1ï¸âƒ£
N5,Noun,hoka (ã»ã‹),"other (place, thing, person); the rest",ğŸ‘¦
N5,Noun,hon (æœ¬),book; volume; script,ğŸ“–
N5,Noun,hondana (æœ¬æ£š),bookshelf; bookcase,ğŸ“–
N5,"Noun, Adjective, ãª-adjective",hontou (æœ¬å½“),truth; reality; actuality; fact,âœ…
N5,"Adjective, ã„-adjective",hoshii (æ¬²ã—ã„),want,ğŸ™
N5,"Adjective, ã„-adjective",hosoi (ç´°ã„),thin; slender,ğŸ“
N5,"Noun, Katakana",hoteru (ãƒ›ãƒ†ãƒ«),hotel,ğŸ¨
N5,"Noun, Numeric",hyaku (ç™¾),100; hundred,ğŸ”´
N5,"Noun, Prefix, Suffix, Numeric",ichi (ä¸€),one; best; first; foremost; start,â­
N5,"Noun, Adverb",ichiban (ä¸€ç•ª),"number one; first; 1st, first placeâ€‹; best; mostâ€‹",ğŸ”¢
N5,"Noun, Adverbial Noun",ichinichi (ä¸€æ—¥),"one day, all day",1ï¸âƒ£
N5,Noun,ie (å®¶),"house, residence, family",ğŸ 
N5,Adverb,ikaga (ã„ã‹ãŒ),how; in what way; how aboutâ€‹,ğŸ©
N5,Noun,ike (æ± ),pond,ğŸï¸
N5,"Verb, Godan verb, Intransitive verb",iku (è¡Œã),to go; to move,ğŸš¶
N5,"Noun, Adverb",ikura (ã„ãã‚‰),how much?; how many?â€‹,ğŸ‘¨
N5,Adverb,ikutsu (ã„ãã¤),"how many?,how old?",ğŸ‘¨
N5,"Noun, Adverbial Noun",ima (ä»Š),now; the present time; soon,â°
N5,Noun,imi (æ„å‘³),meaning; significance; sense,ğŸ’¡
N5,Noun,imouto (å¦¹),younger sister,ğŸ‘§
N5,Noun,inu (çŠ¬),dog,ğŸ•
N5,"Verb, Ichidan verb, Transitive verb",ireru (å…¥ã‚Œã‚‹),to put in; to let in; to take in; to bring in; to insert; to install,ğŸ“
N5,Noun,iriguchi (å…¥å£),entrance; entry; gate,ğŸšª
N5,Noun,iro (è‰²),colour; color,ğŸ¨
N5,"Noun, Adjective, ãª-adjective, Adverb",iroiro (è‰²ã€…),various,ğŸŒˆ
N5,"Verb, Godan verb, Intransitive verb",iru (è¦ã‚‹),to be needed,âœ…
N5,"Verb, Ichidan verb, Intransitive verb",iru (å±…ã‚‹),"to be, to have",ğŸ‘¤
N5,Noun,isha (åŒ»è€…),(medical) doctor; physician,ğŸ‘¨â€âš•ï¸
N5,"Adjective, ã„-adjective",isogashii (å¿™ã—ã„),busy,ğŸšŒ
N5,Noun,issho (ä¸€ç·’),together; at the same time; same; identical,ğŸ“¥
N5,Noun,isu (æ¤…å­),chair,ğŸª‘
N5,"Adjective, ã„-adjective",itai (ç—›ã„),painful; soreâ€‹,ğŸ˜£
N5,Pronoun,itsu (ã„ã¤),when,â“
N5,Noun,itsuka (äº”æ—¥),the fifth day of the month / 5 days,ğŸ“…
N5,"Noun, Numeric",itsutsu (äº”ã¤),five; 5,5ï¸âƒ£
N5,"Verb, Godan verb",iu (è¨€ã†),to say; to call,ğŸ’¯
N5,"Noun, Adjective, ãª-adjective",iya (å«Œ),unpleasant,ğŸ˜£
N5,Conjunction,jaa (ã˜ã‚ƒã‚),then; well; so; well then,ğŸ‘‹
N5,Noun,jibiki (å­—å¼•),dictionary,ğŸ“–
N5,Pronoun,jibun (è‡ªåˆ†),myself; yourself; oneself; himself; herself; i; me,1ï¸âƒ£
N5,Noun,jidousha (è‡ªå‹•è»Š),automobile; motorcar; motor vehicle; car,ğŸš—
N5,Noun,jikan (æ™‚é–“),time; hour(s),â°
N5,Noun,jisho (è¾æ›¸),dictionary,ğŸ“•
N5,Noun,jitensha (è‡ªè»¢è»Š),bicycle,ğŸš²
N5,"Adjective, ãª-adjective",joubu (ä¸ˆå¤«),"strong, durable",ğŸ’ª
N5,"Noun, Adjective, ãª-adjective",jouzu (ä¸Šæ‰‹),skillful; skilled; proficient; good (at),ğŸš¶
N5,"Noun, Suru verb",jugyou (æˆæ¥­),lesson; class work,ğŸ‘¦
N5,"Noun, Numeric",juu (å),ten; 10,ğŸ”Ÿ
N5,Noun,kaban (ã‹ã°ã‚“),bag; basketâ€‹,ğŸ‘œ
N5,Noun,kabin (èŠ±ç“¶),a vase,ğŸº
N5,Noun,kado (è§’),a corner; angleâ€‹,ğŸ“
N5,"Verb, Godan verb, Intransitive verb",kaeru (å¸°ã‚‹),to go backâ€‹,ğŸš¶
N5,"Verb, Godan verb, Transitive verb",kaesu (è¿”ã™),to return something,ğŸ”„
N5,Noun,kagi (éµ),key,ğŸ”‘
N5,Noun,kaidan (éšæ®µ),stairs; stairway; staircase,ğŸªœ
N5,Noun,kaimono (è²·ã„ç‰©),shopping; purchased goods,ğŸª
N5,Noun,kaisha (ä¼šç¤¾),company; corporation,ğŸ¢
N5,"Verb, Godan verb, Intransitive verb",kakaru (æ›ã‹ã‚‹),"to take (a resource, e.g. time or money)",ğŸ’°
N5,"Verb, Ichidan verb, Transitive verb",kakeru (æ›ã‘ã‚‹),to hang up; to make (a call)â€‹;,â¬†ï¸
N5,"Verb, Godan verb, Transitive verb",kaku (æ›¸ã),to write; to compose; to pen; to draw,âœï¸
N5,"Noun, Katakana",kamera (ã‚«ãƒ¡ãƒ©),camera,ğŸ“·
N5,Noun,kami (ç´™),paper,ğŸ“„
N5,Noun,kanji (æ¼¢å­—),kanji,ãŠ™ï¸
N5,"Noun, Katakana",kappu (ã‚«ãƒƒãƒ—),cup,â˜•
N5,Noun,karada (ä½“),body,ğŸ§
N5,ã„-adjective,karai (è¾›ã„),spicy,ğŸŒ¶ï¸
N5,"Noun, Katakana",karee (ã‚«ãƒ¬ãƒ¼),curry,ğŸ›
N5,"Noun, Katakana",karendaa (ã‚«ãƒ¬ãƒ³ãƒ€ãƒ¼),calendar,ğŸ“…
N5,"Verb, Ichidan verb, Transitive verb",kariru (å€Ÿã‚Šã‚‹),to borrow,ğŸ“š
N5,"Adjective, ã„-adjective",karui (è»½ã„),light,ğŸª¶
N5,Noun,kasa (å‚˜),umbrella,â˜‚ï¸
N5,"Verb, Godan verb, Transitive verb",kasu (è²¸ã™),to lend; to loan,ğŸ’³
N5,Noun,kata (æ–¹),way of doing something,ğŸ“¦
N5,Noun,katei (å®¶åº­),household,ğŸ 
N5,"Verb, Godan verb, Transitive verb",kau (è²·ã†),to buy; to purchase,ğŸ›’
N5,"Noun, Suffix",kawa (å·),river; streamâ€‹,ğŸï¸
N5,"Adjective, ã„-adjective",kawaii (å¯æ„›ã„),cute,ğŸ¥°
N5,Noun,kayoubi (ç«æ›œæ—¥),Tuesday,ğŸ“…
N5,Noun,kaze (é¢¨),wind,ğŸ’¨
N5,Noun,kaze (é¢¨é‚ª),a cold,ğŸ§Š
N5,Noun,kazoku (å®¶æ—),family; members of a family,ğŸ‘¨â€ğŸ‘©â€ğŸ‘¦
N5,Noun,keikan (è­¦å®˜),policeman; police officer,ğŸ¢
N5,"Noun, Suru verb",kekkon (çµå©š),marriage,ğŸ’
N5,"Noun, Adverbial Noun, Adjective, ãª-adjective, Adverb",kekkou (çµæ§‹),"splendid, enough",ğŸ‘Œ
N5,"Noun, Temporal noun",kesa (ä»Šæœ),this morning,ğŸŒ…
N5,"Verb, Godan verb, Transitive verb",kesu (æ¶ˆã™),"to erase, to turn off power",ğŸ”Œ
N5,Noun,ki (æœ¨),tree; shrub; bush; wood; timber,ğŸŒ³
N5,"Verb, Ichidan verb, Intransitive verb",kieru (æ¶ˆãˆã‚‹),to disappear,ğŸ‘‚
N5,"Adjective, ã„-adjective",kiiroi (é»„è‰²ã„),yellow,ğŸŸ¡
N5,"Verb, Godan verb, Transitive verb",kiku (èã),to hear; to listen (to music); to ask; to learn of,ğŸ‘‚
N5,Noun,kinou (æ˜¨æ—¥),yesterday,ğŸ“…
N5,Noun,kinyoubi (é‡‘æ›œæ—¥),Friday,ğŸ“…
N5,Noun,kippu (åˆ‡ç¬¦),ticket,ğŸ«
N5,"Noun, Adjective, ãª-adjective",kirai (å«Œã„),hate,ğŸ‘
N5,"Adjective, ãª-adjective",kirei (ç¶ºéº—),pretty; lovely; beautiful,â¤ï¸
N5,"Noun, Katakana",kiro guramu (ã‚­ãƒ­ã‚°ãƒ©ãƒ ),kilogram,âš–ï¸
N5,"Noun, Katakana",kiro meetoru (ã‚­ãƒ­ãƒ¡ãƒ¼ãƒˆãƒ«),kilometer,ğŸ“
N5,"Verb, Godan verb, Transitive verb",kiru (åˆ‡ã‚‹),to cut,âœ‚ï¸
N5,"Verb, Ichidan verb, Transitive verb",kiru (ç€ã‚‹),to wear,ğŸ‘‚
N5,Noun,kissaten (å–«èŒ¶åº—),coffee shop; tearoom; cafe,ğŸµ
N5,Noun,kita (åŒ—),north,ğŸ§­
N5,"Adjective, ã„-adjective",kitanai (æ±šã„),dirty,ğŸ—‘ï¸
N5,Noun,kitte (åˆ‡æ‰‹),stamp (postage),ğŸ’Œ
N5,Noun,kocchi (ã“ã£ã¡),this person or way,ğŸ‘¦
N5,Noun,kochira (ã“ã¡ã‚‰),this way; this directionâ€‹,ğŸ‘ˆ
N5,Noun,kodomo (å­ä¾›),child,ğŸ‘¶
N5,Noun,koe (å£°),voice,ğŸ¤
N5,Pronoun,koko (ã“ã“),here; this place,ğŸ“
N5,Noun,kokonoka (ä¹æ—¥),ninth day of the month / 9 days,ğŸ“…
N5,"Noun, Numeric",kokonotsu (ä¹ã¤),nine; 9,9ï¸âƒ£
N5,"Verb, Godan verb, Intransitive verb",komaru (å›°ã‚‹),to be troubled,ğŸ˜°
N5,Noun,konban (ä»Šæ™©),tonight; this evening,ğŸŒ†
N5,Noun,kongetsu (ä»Šæœˆ),this month,ğŸ“…
N5,Pre-noun adjectival,konna (ã“ã‚“ãª),such; like thisâ€‹,ğŸ‘
N5,Pre-noun adjectival,kono (ã“ã®),thisâ€‹,ğŸ‘‰
N5,Noun,konshuu (ä»Šé€±),this week,ğŸ“…
N5,"Noun, Katakana",koohii (ã‚³ãƒ¼ãƒ’ãƒ¼),Coffee,â˜•
N5,"Noun, Katakana",kooto (ã‚³ãƒ¼ãƒˆ),coat,ğŸ§¥
N5,"Noun, Suru verb, Katakana",kopii (ã‚³ãƒ”ãƒ¼),copy; photocopy,ğŸ“·
N5,"Noun, Katakana",koppu (ã‚³ãƒƒãƒ—),glass (drinking vessel); tumblerâ€‹,ğŸ¥¤
N5,Pronoun,kore (ã“ã‚Œ),this,â˜ï¸
N5,"Verb, Ichidan verb, Intransitive verb",kotaeru (ç­”ãˆã‚‹),to answer,âœ…
N5,Noun,kotoba (è¨€è‘‰),word; words,ğŸ’¬
N5,Noun,kotoshi (ä»Šå¹´),this year,ğŸ‘‚
N5,Noun,kouban (äº¤ç•ª),police box,ğŸ‘®
N5,Noun,koucha (ç´…èŒ¶),black tea,ğŸµ
N5,Noun,kouen (å…¬åœ’),park,ğŸï¸
N5,Noun,kousaten (äº¤å·®ç‚¹),intersection,ğŸš¥
N5,Noun,kuchi (å£),"mouth, opening",ğŸ‘„
N5,Noun,kudamono (æœç‰©),fruit,ğŸ
N5,Expression,kudasai (ä¸‹ã•ã„),please,ğŸ™
N5,Noun,kumori (æ›‡ã‚Š),cloudiness; cloudy weather,â˜ï¸
N5,"Verb, Godan verb, Intransitive verb",kumoru (æ›‡ã‚‹),"to become cloudy, to become dim",â˜ï¸
N5,Noun,kuni (å›½),country; state; region,ğŸŒ
N5,"Adjective, ã„-adjective",kurai (æš—ã„),dark; gloomy; murky,âš«
N5,"Noun, Katakana",kurasu (ã‚¯ãƒ©ã‚¹),class,ğŸ‘¨â€ğŸ«
N5,Noun,kuro (é»’),black,âš«
N5,ã„-adjective,kuroi (é»’ã„),black,âš«
N5,"Verb, Intransitive verb",kuru (æ¥ã‚‹),to come,ğŸ‘‹
N5,Noun,kuruma (è»Š),car; automobile; vehicle,ğŸš—
N5,Noun,kusuri (è–¬),medicine,ğŸ’Š
N5,Noun,kutsu (é´),shoes,ğŸ‘
N5,Noun,kutsushita (é´ä¸‹),socks,ğŸ§¦
N5,Noun,kyonen (å»å¹´),last year,ğŸ‘‚
N5,"Noun, Temporal noun",kyou (ä»Šæ—¥),today; this day,ğŸ“…
N5,Noun,kyoudai (å…„å¼Ÿ),siblings; brothers and sistersâ€‹; mate,ğŸ‘¦
N5,Noun,kyoushitsu (æ•™å®¤),classroom,ğŸ‘¨â€ğŸ«
N5,"Noun, Numeric",kyuu (ä¹),nine; 9,9ï¸âƒ£
N5,"Noun, Katakana",macchi (ãƒãƒƒãƒ),match,ğŸ”¥
N5,Noun,machi (ç”º),town; block; neighborhood,ğŸ˜ï¸
N5,Noun,mado (çª“),window,ğŸ’¨
N5,"Noun, Suffix",mae (å‰),previous; before; in front; ago,ğŸš¶
N5,"Verb, Godan verb, Intransitive verb",magaru (æ›²ãŒã‚‹),"to turn, to bend",â†ªï¸
N5,Noun,maiasa (æ¯æœ),every morning,ğŸŒ…
N5,Noun,maiban (æ¯æ™©),every night,ğŸŒ™
N5,Noun,mainichi (æ¯æ—¥),every day,ğŸ“…
N5,Noun,maishuu (æ¯é€±),every week,ğŸ“…
N5,Noun,maitoshi / mainen (æ¯å¹´),every year; yearly; annually,ğŸ‘‚
N5,Noun,maitsuki (æ¯æœˆ),every month; monthly,ğŸ“…
N5,"Noun, Numeric",man (ä¸‡),"10,000; ten thousand",ğŸ’¯
N5,Noun,mannenhitsu (ä¸‡å¹´ç­†),fountain pen,ğŸ–Šï¸
N5,"Adjective, ã„-adjective",marui (ä¸¸ã„),"round,circular",â­•
N5,"Noun, Adjective, ãª-adjective, Adverb",massugu (çœŸã£ç›´ã),"straight ahead,direct",ğŸ§ 
N5,"Verb, Godan verb, Intransitive verb, Transitive verb",matsu (å¾…ã¤),to waitâ€‹,â°
N5,"Adjective, ã„-adjective",mazui (ä¸å‘³ã„),unpleasant,ğŸ¤¢
N5,Noun,me (ç›®),eye,ğŸ‘ï¸
N5,"Noun, Katakana",meetoru (ãƒ¡ãƒ¼ãƒˆãƒ«),metre; meter,ğŸ“
N5,Noun,megane (çœ¼é¡),glasses,ğŸ¥ƒ
N5,Noun,michi (é“),road; street,ğŸŒ³
N5,Noun,midori (ç·‘),green,ğŸŸ¢
N5,"Verb, Godan verb, Intransitive verb",migaku (ç£¨ã),to polish; to shine; to brush (e.g. teeth),ğŸª¥
N5,Noun,migi (å³),right; right hand side,âœ‹
N5,"Adjective, ã„-adjective",mijikai (çŸ­ã„),short,ğŸ“
N5,Noun,mikka (ä¸‰æ—¥),the third day of the month / 3 days,ğŸ“…
N5,Noun,mimi (è€³),ear; hearing,ğŸ‘‚
N5,Noun,minami (å—),south,ğŸ§­
N5,Noun,minasan (çš†ã•ã‚“),everyone,1ï¸âƒ£
N5,"Noun, Adverb",minna (ã¿ã‚“ãª),all; everyone; everybody,ğŸ§
N5,"Verb, Ichidan verb, Transitive verb",miru (è¦‹ã‚‹),to see; to look; to watch; to view; to observe,ğŸ‘€
N5,Noun,mise (åº—),store; shop; establishment; restaurant,ğŸª
N5,"Verb, Ichidan verb, Transitive verb",miseru (è¦‹ã›ã‚‹),to show; to display,ğŸ®
N5,"Noun, Numeric",mittsu (ä¸‰ã¤),three; 3,3ï¸âƒ£
N5,Noun,mizu (æ°´),water; fluid; liquidâ€‹,ğŸ’§
N5,Noun,mokuyoubi (æœ¨æ›œæ—¥),Thursday,ğŸ“…
N5,Noun,mon (é–€),gate,â›©ï¸
N5,Noun,mondai (å•é¡Œ),problem; question (e.g. on a test),â“
N5,Noun,mono (ç‰©),thing,ğŸ“¦
N5,"Verb, Godan verb",motsu (æŒã¤),to hold,ğŸ“œ
N5,Adverb,motto (ã‚‚ã£ã¨),more; longer; further,ğŸ“
N5,Expression,mouichido (ã‚‚ã†ä¸€åº¦),once more; again,ğŸ”
N5,Noun,muika (å…­æ—¥),sixth day of the month / 6 days,ğŸ“…
N5,Noun,mukou (å‘ã“ã†),over there,ğŸ‘‰
N5,Noun,mura (æ‘),village,ğŸ¡
N5,"Noun, Numeric",muttsu (å…­ã¤),six; 6,6ï¸âƒ£
N5,"Adjective, ã„-adjective",muzukashii (é›£ã—ã„),difficult,ğŸ˜°
N5,"Adjective, ã„-adjective",nagai (é•·ã„),long (distance)â€‹; long (time); lengthy.,â°
N5,"Noun, Katakana",naifu (ãƒŠã‚¤ãƒ•),knife,ğŸ”ª
N5,Noun,naka (ä¸­),inside; in; within; center,ğŸšª
N5,"Verb, Godan verb, Intransitive verb",naku (é³´ã),animal noise. to chirp,ğŸ”Š
N5,"Verb, Godan verb, Transitive verb",nakusu (ç„¡ãã™),to lose (something),ğŸ“¦
N5,Noun,namae (åå‰),name; full name; given name,ğŸ
N5,"Noun, Numeric",nanatsu (ä¸ƒã¤),seven; 7,7ï¸âƒ£
N5,"Noun, Pronoun, Prefix",nani (ä½•),what,ğŸ©
N5,Noun,nanoka (ä¸ƒæ—¥),seventh day of the month / 7 days,ğŸ“…
N5,"Verb, Ichidan verb, Transitive verb",naraberu (ä¸¦ã¹ã‚‹),"to line up,to set up",â¬†ï¸
N5,"Verb, Godan verb, Intransitive verb",narabu (ä¸¦ã¶),"to line up,to stand in a line",â¬†ï¸
N5,"Verb, Godan verb, Transitive verb",narau (ç¿’ã†),to be taught; to learn (from a teacher),ğŸµ
N5,Noun,natsu (å¤),summer,â˜€ï¸
N5,Noun,natsuyasumi (å¤ä¼‘ã¿),summer vacation; summer holiday,ğŸ±
N5,Adverb,naze (ä½•æ•…),why; how,â“
N5,Noun,neko (çŒ«),cat,ğŸ±
N5,"Noun, Katakana",nekutai (ãƒã‚¯ã‚¿ã‚¤),tie; necktie,ğŸ‘”
N5,"Verb, Ichidan verb, Intransitive verb",neru (å¯ã‚‹),to sleep; to go to bed; to lie down,ğŸ˜´
N5,"Noun, Numeric",ni (äºŒ),two; 2,2ï¸âƒ£
N5,Noun,nichiyoubi (æ—¥æ›œæ—¥),Sunday,â˜€ï¸
N5,"Adjective, ãª-adjective",nigiyaka (è³‘ã‚„ã‹),"bustling,busy",ğŸšŒ
N5,Noun,nikki (æ—¥è¨˜),diary; journal,ğŸ““
N5,Noun,niku (è‚‰),meat,ğŸ–
N5,Noun,nimotsu (è·ç‰©),luggage; baggage,ğŸ‘œ
N5,Noun,nishi (è¥¿),west,ğŸ§­
N5,Noun,niwa (åº­),garden,ğŸ¡
N5,"Verb, Godan verb, Intransitive verb",noboru (ç™»ã‚‹),to climb,ğŸ§—
N5,Noun,nomimono (é£²ã¿ç‰©),drink; beverage,ğŸ¥¤
N5,"Verb, Godan verb, Transitive verb",nomu (é£²ã‚€),to drink,ğŸ¥¤
N5,"Noun, Katakana",nooto (ãƒãƒ¼ãƒˆ),notebook,ğŸ“–
N5,"Verb, Godan verb, Intransitive verb",noru (ä¹—ã‚‹),"to get on (train, plane, bus, ship, etc.)",ğŸŒ§ï¸
N5,"Verb, Godan verb, Transitive verb",nugu (è„±ã),to take off clothes,ğŸ‘”
N5,"Adjective, ã„-adjective",nurui (æ¸©ã„),luke warm,ğŸ’ª
N5,"Noun, Katakana",nyuusu (ãƒ‹ãƒ¥ãƒ¼ã‚¹),news,ğŸ†•
N5,Noun,obaasan (ãŠã°ã‚ã•ã‚“),grandmother,ğŸ‘©
N5,Noun,obasan (ä¼¯æ¯ã•ã‚“),aunt; old lady,ğŸ“œ
N5,Noun,obentou (ãŠå¼å½“),lunch box; Japanese box lunch,ğŸ±
N5,"Verb, Ichidan verb, Transitive verb",oboeru (è¦šãˆã‚‹),to remember,ğŸ§ 
N5,Noun,ocha (ãŠèŒ¶),tea,ğŸµ
N5,Noun,ofuro (ãŠé¢¨å‘‚),bath,ğŸ›
N5,ã„-adjective,oishii (ç¾å‘³ã—ã„),delicious,ğŸ˜‹
N5,Noun,ojisan (ä¼¯çˆ¶ã•ã‚“),uncle; old man; mister,ğŸ‘¨
N5,Noun,okaasan (ãŠæ¯ã•ã‚“),mother; mom; mum; ma,ğŸ‘©
N5,Noun,okane (ãŠé‡‘),money,ğŸ’°
N5,Noun,okashi (ãŠè“å­),confections; sweets; candy,ğŸ­
N5,"Verb, Ichidan verb, Intransitive verb",okiru (èµ·ãã‚‹),to get up; to wake up,â°
N5,"Verb, Godan verb, Transitive verb",oku (ç½®ã),to put; to placeâ€‹,ğŸ“¦
N5,Noun,okusan (å¥¥ã•ã‚“),wife; your wife; his wife,ğŸ‘©
N5,Noun,omawari san (ãŠå·¡ã‚Šã•ã‚“),police officer (friendly term for policeman),ğŸ¢
N5,ã„-adjective,omoi (é‡ã„),heavy,âš–ï¸
N5,"Adjective, ã„-adjective",omoshiroi (é¢ç™½ã„),interesting,ğŸ˜Œ
N5,"Noun, Adverb",onaji (åŒã˜),same,=
N5,Noun,onaka (ãŠè…¹),stomach,ğŸ¤°
N5,Noun,oneesan (ãŠå§‰ã•ã‚“),elder sister; young lady; miss; ma'am,ğŸ‘§
N5,Noun,ongaku (éŸ³æ¥½),music,ğŸµ
N5,Noun,oniisan (ãŠå…„ã•ã‚“),older brother; elder brother; young man; buddy,ğŸ‘¦
N5,"Noun, Prefix",onna (å¥³),woman; female sex,ğŸ‘¨
N5,"Noun, Expression",onnanoko (å¥³ã®å­),girl; daughter; young women,ğŸ‘§
N5,"Adjective, ã„-adjective",ooi (å¤šã„),many; numerous; a lot; large quantity; frequent,ğŸ‘¨
N5,"Adjective, ã„-adjective",ookii (å¤§ãã„),big; large; great; important,ğŸ½ï¸
N5,Pre-noun adjectival,ookina (å¤§ããª),big; large; greatâ€‹,ğŸ½ï¸
N5,Noun,oozei (å¤§å‹¢),crowd of people; great number of people,ğŸ½ï¸
N5,"Verb, Ichidan verb, Intransitive verb",oriru (é™ã‚Šã‚‹),to get off,ğŸ“¥
N5,Noun,osake (ãŠé…’),alcohol,ğŸ¶
N5,Noun,osara (ãŠçš¿),"plate, dish",ğŸ½ï¸
N5,"Verb, Ichidan verb, Transitive verb",oshieru (æ•™ãˆã‚‹),to teach,ğŸµ
N5,"Adjective, ã„-adjective",osoi (é…ã„),slow; time-consuming; late,â°
N5,"Verb, Godan verb, Transitive verb",osu (æŠ¼ã™),to push; to pressâ€‹,ğŸ‘†
N5,Noun,otearai (ãŠæ‰‹æ´—ã„),toilet; restroom; lavatory; bathroom,ğŸ˜Œ
N5,Noun,otoko (ç”·),man; male,ğŸ‘¨
N5,"Noun, Expression",otokonoko (ç”·ã®å­),boy; male child; baby boy,ğŸ‘¶
N5,Noun,otona (å¤§äºº),adult,ğŸ‘¨â€ğŸ’¼
N5,Noun,ototoi (ä¸€æ˜¨æ—¥),day before yesterday,ğŸ“…
N5,Noun,ototoshi (ä¸€æ˜¨å¹´),year before last,ğŸ‘‚
N5,Noun,otousan (ãŠçˆ¶ã•ã‚“),father; dad; papa; pa; pop; daddy,ğŸ‘¨
N5,Noun,otouto (å¼Ÿ),younger brother,ğŸ‘¦
N5,"Verb, Godan verb, Intransitive verb",owaru (çµ‚ã‚ã‚‹),to finish; to end,ğŸ
N5,"Verb, Godan verb, Intransitive verb",oyogu (æ³³ã),to swim,ğŸŠ
N5,"Noun, Katakana",paatii (ãƒ‘ãƒ¼ãƒ†ã‚£ãƒ¼),party,ğŸ‰
N5,"Noun, Katakana",pan (ãƒ‘ãƒ³),bread,ğŸ
N5,"Noun, Katakana",peeji (ãƒšãƒ¼ã‚¸),page,ğŸ“„
N5,"Noun, Katakana",pen (ãƒšãƒ³),pen,ğŸ–Šï¸
N5,"Noun, Katakana",petto (ãƒšãƒƒãƒˆ),pet,ğŸ•
N5,Noun,poketto (ãƒã‚±ãƒƒãƒˆ),pocket,ğŸ‘–
N5,"Noun, Katakana",posuto (ãƒã‚¹ãƒˆ),post,ğŸ“®
N5,"Noun, Katakana",puuru (ãƒ—ãƒ¼ãƒ«),swimming pool,ğŸŠ
N5,Noun,raigetsu (æ¥æœˆ),next month,ğŸ“…
N5,Noun,rainen (æ¥å¹´),next year,ğŸ‘‚
N5,Noun,raishuu (æ¥é€±),next week,ğŸ“…
N5,"Noun, Katakana",rajiio (ãƒ©ã‚¸ã‚ª),radio,ğŸ“»
N5,Noun,rei (é›¶),zero,0ï¸âƒ£
N5,Noun,reizouko (å†·è”µåº«),refrigerator,ğŸ§Š
N5,"Noun, Katakana",rekoodo (ãƒ¬ã‚³ãƒ¼ãƒ‰),record,ğŸ’¿
N5,"Noun, Verb, Suru verb",renshuu (ç·´ç¿’),practice; practicing,ğŸ¯
N5,"Noun, Katakana",resutoran (ãƒ¬ã‚¹ãƒˆãƒ©ãƒ³),restaurant,ğŸ´
N5,"Adjective, ãª-adjective",rippa (ç«‹æ´¾),splendid,âœ¨
N5,"Noun, Numeric",roku (å…­),six; 6,6ï¸âƒ£
N5,Noun,rouka (å»Šä¸‹),corridor; hallway; passageway,ğŸ’¯
N5,"Noun, Verb, Suru verb",ryokou (æ—…è¡Œ),travel; trip; journey; excursion; tour,ğŸšŒ
N5,"Noun, Suru verb",ryouri (æ–™ç†),cuisine,ğŸ±
N5,Noun,ryoushin (ä¸¡è¦ª),parents; both parents,ğŸ‘¨â€ğŸ‘©â€ğŸ‘¦
N5,Noun,ryuugakusei (ç•™å­¦ç”Ÿ),overseas student; exchange student,ğŸŒŠ
N5,Conjunction,saa (ã•ã‚),wellâ€¦,ğŸ’­
N5,Noun,saifu (è²¡å¸ƒ),purse; wallet,ğŸ§±
N5,Noun,sakana (é­š),fish,ğŸŸ
N5,"Noun, Prefix, Suffix",saki (å…ˆ),previous; prior; first; earlier,ğŸ‘‚
N5,"Verb, Godan verb, Intransitive verb",saku (å’²ã),to bloom,ğŸŒ¸
N5,Noun,sakubun (ä½œæ–‡),writing; composition,âœï¸
N5,"Adjective, ã„-adjective",samui (å¯’ã„),cold,ğŸ§Š
N5,"Noun, Numeric",san (ä¸‰),three; 3,3ï¸âƒ£
N5,"Noun, Verb, Suru verb",sanpo (æ•£æ­©),walk; stroll,ğŸš¶
N5,Noun,sarainen (å†æ¥å¹´),year after next,ğŸ‘‚
N5,"Verb, Godan verb, Transitive verb",sasu (å·®ã™),"to stretch out hands, to raise an umbrella",âœ‹
N5,Noun,satou (ç ‚ç³–),sugar,ğŸ¬
N5,Noun,se (èƒŒ),height; stature; back; spine,âª
N5,Noun,sebiro (èƒŒåºƒ),business suit,ğŸšŒ
N5,"Noun, Katakana",seetaa (ã‚»ãƒ¼ã‚¿ãƒ¼),sweater; jumper,ğŸ¦˜
N5,Noun,seito (ç”Ÿå¾’),pupil; student,ğŸ‘¨â€ğŸ“
N5,Noun,sekken (çŸ³é¹¼),soap,ğŸ§¼
N5,ã„-adjective,semai (ç‹­ã„),narrow,â†”ï¸
N5,"Noun, Numeric",sen (åƒ),"1,000; thousand",ğŸ’¯
N5,Noun,sengetsu (å…ˆæœˆ),last month,ğŸ“…
N5,"Noun, Suffix",sensei (å…ˆç”Ÿ),teacher; instructor; master,ğŸµ
N5,Noun,senshuu (å…ˆé€±),last week,ğŸ“…
N5,"Noun, Suru verb",sentaku (æ´—æ¿¯),washing; laundry,ğŸ§¼
N5,Noun,shashin (å†™çœŸ),photograph; photo,ğŸ“·
N5,"Noun, Katakana",shatsu (ã‚·ãƒ£ãƒ„),shirt,ğŸ‘”
N5,"Noun, Katakana",shawaa (ã‚·ãƒ£ãƒ¯ãƒ¼),shower,ğŸš¿
N5,"Noun, Numeric",shi (å››),four; 4,4ï¸âƒ£
N5,"Noun, Numeric",shichi (ä¸ƒ),seven; 7,7ï¸âƒ£
N5,"Noun, Verb, Suru verb",shigoto (ä»•äº‹),work; job; business,ğŸšŒ
N5,"Verb, Godan verb, Intransitive verb",shimaru (é–‰ã¾ã‚‹),"to close, to be closed",ğŸ”’
N5,"Verb, Ichidan verb, Transitive verb",shimeru (é–‰ã‚ã‚‹),to close; to shut,ğŸ”’
N5,"Verb, Ichidan verb, Transitive verb",shimeru (ç· ã‚ã‚‹),to tie; to fasten; to tightenâ€‹,âš¡
N5,Noun,shinbun (æ–°è),newspaper,ğŸ“„
N5,"Verb, Godan verb, Intransitive verb",shinu (æ­»ã¬),to die,ğŸ’€
N5,Noun,shio (å¡©),salt,ğŸ§‚
N5,Noun,shiro (ç™½),white; innocence; innocent person,ğŸ‘¦
N5,"Adjective, ã„-adjective",shiroi (ç™½ã„),white,âšª
N5,"Verb, Godan verb, Transitive verb",shiru (çŸ¥ã‚‹),to know,â°
N5,Noun,shita (ä¸‹),below; down; under; bottom,â¬‡ï¸
N5,"Noun, Verb, Suru verb",shitsumon (è³ªå•),question; inquiry,â“
N5,"Adjective, ãª-adjective",shizuka (é™ã‹),quiet,ğŸ¤«
N5,Noun,shokudou (é£Ÿå ‚),cafeteria; dining room,ğŸ½ï¸
N5,Noun,shouyu (é†¬æ²¹),soy sauce,ğŸ¥¢
N5,Noun,shukudai (å®¿é¡Œ),homework; assignment; pending issue,ğŸ 
N5,Noun,soba (ãã°),near; beside,ğŸ‘‚
N5,Pronoun,socchi (ãã£ã¡),that way; â€‹over there,ğŸ©
N5,Pronoun,sochira (ãã¡ã‚‰),"that way (distant from speaker, close to listener); you; your family",ğŸ‘¨â€ğŸ‘©â€ğŸ‘¦
N5,Pronoun,soko (ãã“),that placeâ€‹; there,ğŸ©
N5,Pre-noun adjectival,sono (ãã®),that,ğŸ©
N5,Noun,sora (ç©º),sky; the air,ğŸŒŒ
N5,Pronoun,sore (ãã‚Œ),that,ğŸ©
N5,Expression,sore dewa (ãã‚Œã§ã¯),in that situation,ğŸ©
N5,Noun,soto (å¤–),outside; exterior;,ğŸ“¤
N5,"Noun, Suru verb",souji (æƒé™¤),"to clean, to sweep",âœ¨
N5,Adverb,sugu ni (ç›´ãã«),immediately; right away; instantlyâ€‹,âœ…
N5,Noun,suiyoubi (æ°´æ›œæ—¥),Wednesday,ğŸ“…
N5,"Noun, Katakana",sukaato (ã‚¹ã‚«ãƒ¼ãƒˆ),skirt,ğŸ‘—
N5,"Noun, Adjective, ãª-adjective",suki (å¥½ã),like,ğŸ‘
N5,"Noun, Adverb",sukoshi (å°‘ã—),a little (bit); small quantity; few; short distance,â¬‡ï¸
N5,ã„-adjective,sukunai (å°‘ãªã„),few; a little; scarce; insufficient; seldom,ğŸš—
N5,"Verb, Godan verb, Intransitive verb",sumu (ä½ã‚€),to live in; to reside; to inhabit; to dwell; to abide,ğŸ¡
N5,"Noun, Katakana",supootsu (ã‚¹ãƒãƒ¼ãƒ„),sport; sports,âš½
N5,"Noun, Katakana",supuun (ã‚¹ãƒ—ãƒ¼ãƒ³),spoon,ğŸ¥„
N5,"Noun, Katakana",surippa (ã‚¹ãƒªãƒƒãƒ‘),slipper; slippers,ğŸ©´
N5,"Noun, Katakana",sutoobu (ã‚¹ãƒˆãƒ¼ãƒ–),heater; stove,ğŸ½ï¸
N5,"Verb, Godan verb, Transitive verb",suu (å¸ã†),"to smoke, to suck",ğŸš¬
N5,"Verb, Godan verb, Intransitive verb",suwaru (åº§ã‚‹),to sit,ğŸª‘
N5,"Adjective, ã„-adjective",suzushii (æ¶¼ã—ã„),"refreshing, cool",â„ï¸
N5,Noun,tabako (ãŸã°ã“),tobacco; cigarette,ğŸš¬
N5,Noun,tabemono (é£Ÿã¹ç‰©),food,ğŸ±
N5,"Verb, Ichidan verb, Intransitive verb",taberu (é£Ÿã¹ã‚‹),to eat,ğŸ½ï¸
N5,"Adjective, ãª-adjective, Adverb",tabun (å¤šåˆ†),perhaps; probably,ğŸ¤”
N5,"Noun, Adjective, ãª-adjective, Adverb",taihen (å¤§å¤‰),very; greatly; terribly; serious; difficult,ğŸ½ï¸
N5,"Noun, Adjective, ãª-adjective",taisetsu (å¤§åˆ‡),important; necessary; indispensable; beloved,â¤ï¸
N5,Noun,taishikan (å¤§ä½¿é¤¨),embassy,ğŸ›ï¸
N5,"Adjective, ã„-adjective",takai (é«˜ã„),high; tall; expensive; above average,ğŸ–Šï¸
N5,"Noun, Adverbial Noun, Adjective, ãª-adjective",takusan (æ²¢å±±),many,ğŸ‘¨
N5,"Noun, Katakana",takushii (ã‚¿ã‚¯ã‚·ãƒ¼),taxi,ğŸš•
N5,Noun,tamago (åµ),eggs; egg,ğŸ¥š
N5,Noun,tanjoubi (èª•ç”Ÿæ—¥),birthday,ğŸ‚
N5,"Verb, Godan verb, Transitive verb",tanomu (é ¼ã‚€),to ask,ğŸ™
N5,"Adjective, ã„-adjective",tanoshii (æ¥½ã—ã„),enjoyable; fun,ğŸ˜„
N5,Noun,tate (ç¸¦),"length,height",ğŸ“
N5,Noun,tatemono (å»ºç‰©),building,ğŸ¢
N5,"Verb, Godan verb, Intransitive verb",tatsu (ç«‹ã¤),to stand; to stand upâ€‹,â¬†ï¸
N5,Noun,te (æ‰‹),hand; arm,âœ‹
N5,"Noun, Katakana",teeburu (ãƒ†ãƒ¼ãƒ–ãƒ«),table,ğŸª‘
N5,"Noun, Katakana",teepu (ãƒ†ãƒ¼ãƒ—),tape,ğŸ“¼
N5,"Noun, Katakana",teepu rekoodaa (ãƒ†ãƒ¼ãƒ—ãƒ¬ã‚³ãƒ¼ãƒ€ãƒ¼),tape recorder,ğŸ“¼
N5,Noun,tegami (æ‰‹ç´™),Letter (message)â€‹,âœ‰ï¸
N5,Noun,tenki (å¤©æ°—),weather; the elements,ğŸ½ï¸
N5,"Noun, Katakana",terebi (ãƒ†ãƒ¬ãƒ“),television; TVâ€‹,ğŸ“º
N5,"Noun, Suru verb, Katakana",tesuto (ãƒ†ã‚¹ãƒˆ),examination; quiz; test,âœï¸
N5,Noun,to (æˆ¸),Japanese style door,ğŸšª
N5,"Verb, Godan verb, Intransitive verb",tobu (é£›ã¶),to fly; to hop,âœˆï¸
N5,"Noun, Katakana",toire (ãƒˆã‚¤ãƒ¬),toilet,ğŸš½
N5,Noun,tokei (æ™‚è¨ˆ),watch; clock; timepiece,âŒš
N5,Noun,toki (æ™‚),time; moment; occasion; chance,â°
N5,"Noun, Adverb",tokidoki (æ™‚ã€…),sometimes; at times,â°
N5,"Noun, Suffix",tokoro (æ‰€),place,ğŸ“
N5,"Verb, Godan verb, Intransitive verb",tomaru (æ­¢ã¾ã‚‹),to stop; to come to a halt,ğŸ‘‹
N5,Noun,tomodachi (å‹é”),friend; companion,ğŸ‘¥
N5,Noun,tonari (éš£),next door to,ğŸšª
N5,"Adjective, ã„-adjective",tooi (é ã„),far,ğŸ”­
N5,Noun,tooka (åæ—¥),tenth day of the month / 10 days,ğŸ“…
N5,Noun,tori (é³¥),bird,ğŸ¦
N5,Noun,toriniku (é¶è‚‰),chicken meat,ğŸ”
N5,"Verb, Godan verb, Transitive verb",toru (å–ã‚‹),to take; to pick up; to harvest; to earn; to win; to choose,ğŸ‘‚
N5,"Verb, Godan verb, Transitive verb",toru (æ’®ã‚‹),to take a photo or record a film,ğŸ“·
N5,Noun,toshi (å¹´),year; age,ğŸ‘‚
N5,Noun,toshokan (å›³æ›¸é¤¨),library,ğŸ“š
N5,Noun,tsugi (æ¬¡),next,â­ï¸
N5,Noun,tsuitachi (ä¸€æ—¥),first day of the month,ğŸ“…
N5,"Verb, Ichidan verb, Intransitive verb",tsukareru (ç–²ã‚Œã‚‹),to get tired,ğŸ“¥
N5,"Verb, Godan verb, Transitive verb",tsukau (ä½¿ã†),to use,ğŸ”§
N5,"Verb, Ichidan verb, Transitive verb",tsukeru (ã¤ã‘ã‚‹),to turn on,ğŸ’¡
N5,"Verb, Ichidan verb, Transitive verb",tsukeru (ä»˜ã‘ã‚‹),to attach; affix; add; apply,ğŸ“
N5,"Verb, Godan verb, Intransitive verb",tsuku (ç€ã),to arrive at,ğŸ¯
N5,Noun,tsukue (æœº),desk,ğŸª‘
N5,"Verb, Godan verb, Transitive verb",tsukuru (ä½œã‚‹),to make,ğŸ”¨
N5,"Adjective, ã„-adjective",tsumaranai (è©°ã¾ã‚‰ãªã„),boring,ğŸ˜‘
N5,ã„-adjective,tsumetai (å†·ãŸã„),cold to the touch,ğŸ§Š
N5,"Verb, Ichidan verb, Transitive verb",tsutomeru (å‹¤ã‚ã‚‹),to work for someone,ğŸ’¼
N5,"Adjective, ã„-adjective",tsuyoi (å¼·ã„),powerful,ğŸ’ª
N5,"Noun, Suffix",ue (ä¸Š),above; up; over; top; surface,ğŸ˜Š
N5,"Verb, Ichidan verb, Intransitive verb",umareru (ç”Ÿã¾ã‚Œã‚‹),to be born,ğŸ‘¶
N5,Noun,umi (æµ·),sea,ğŸŒŠ
N5,"Verb, Godan verb, Transitive verb",uru (å£²ã‚‹),to sell,ğŸ’°
N5,ã„-adjective,urusai (ç…©ã„),"noisy, annoying",ğŸ”Š
N5,Noun,ushiro (å¾Œã‚),back; behind; rear,ğŸ‘‚
N5,"Adjective, ã„-adjective",usui (è–„ã„),thin; weak,ğŸ“„
N5,Noun,uta (æ­Œ),song,ğŸ‘¦
N5,"Verb, Godan verb, Intransitive verb, Transitive verb",utau (æ­Œã†),to sing,ğŸ¤
N5,Noun,uwagi (ä¸Šç€),coat; tunic; jacket; outer garment,ğŸ’ª
N5,"Noun, Katakana, Wasei",wai shatsu (ãƒ¯ã‚¤ã‚·ãƒ£ãƒ„),shirt,ğŸ‘”
N5,"Adjective, ã„-adjective",wakai (è‹¥ã„),young,ğŸ‘¶
N5,"Verb, Godan verb, Intransitive verb",wakaru (åˆ†ã‹ã‚‹),to understand; to comprehend; to grasp; to see; to get; to follow,ğŸ‘€
N5,"Adjective, ã„-adjective",warui (æ‚ªã„),bad; poor; undesirable,ğŸ‘
N5,"Verb, Ichidan verb, Transitive verb",wasureru (å¿˜ã‚Œã‚‹),to forget,ğŸ“¥
N5,"Verb, Godan verb, Intransitive verb",wataru (æ¸¡ã‚‹),to go across,ğŸš¶
N5,Pronoun,watashi (ç§),I; myself,ğŸ‘¤
N5,"Verb, Godan verb, Transitive verb",watasu (æ¸¡ã™),to hand over,âœ‹
N5,Noun,yama (å±±),mountain; hill,â›°ï¸
N5,Noun,yaoya (å…«ç™¾å±‹),greengrocer; fruit and vegetable shop; versatile,ğŸ¥¬
N5,"Verb, Godan verb, Transitive verb",yaru (ã‚„ã‚‹),to do,âœ…
N5,Noun,yasai (é‡èœ),vegetable,ğŸ¥¬
N5,"Adjective, ã„-adjective",yasashii (æ˜“ã—ã„),"easy, simple",ğŸ‘
N5,"Adjective, ã„-adjective",yasui (å®‰ã„),cheap; inexpensive,ğŸ–Šï¸
N5,Noun,yasumi (ä¼‘ã¿),rest; vacation; holiday,ğŸ±
N5,"Verb, Godan verb, Intransitive verb",yasumu (ä¼‘ã‚€),to be absent; to take a day off; to rest,ğŸ˜Œ
N5,"Noun, Numeric",yattsu (å…«ã¤),eight: 8,8ï¸âƒ£
N5,"Verb, Godan verb, Transitive verb",yobu (å‘¼ã¶),"to call out, to invite",ğŸ’¯
N5,"Adjective, ã„-adjective",yoi/ii (è‰¯ã„),good,ğŸš¶
N5,Noun,yokka (å››æ—¥),fourth day of the month / 4 days,ğŸ“…
N5,Noun,yoko (æ¨ª),"beside,side,width",â†”ï¸
N5,Adverb,yoku (ã‚ˆã),"often, well",ğŸ‘
N5,"Verb, Godan verb, Transitive verb",yomu (èª­ã‚€),to read; to guess; to predict; to read (someone's thoughts),ğŸ“–
N5,Noun,yoru (å¤œ),evening; night,ğŸŒ†
N5,"Noun, Numeric",yotsu (å››ã¤),four; 4,4ï¸âƒ£
N5,Noun,youfuku (æ´‹æœ),western clothes,ğŸ‘”
N5,Noun,youka (å…«æ—¥),eighth day of the month / 8 days,ğŸ“…
N5,"Adjective, ã„-adjective",yowai (å¼±ã„),weak,ğŸ˜°
N5,Noun,yuki (é›ª),snow,â„ï¸
N5,Adverb,yukkuri (ã‚†ã£ãã‚Š),slowly,ğŸŒ
N5,Noun,yuube (æ˜¨å¤œ),last night,ğŸŒ™
N5,Noun,yuubinkyoku (éƒµä¾¿å±€),post office,ğŸ¢
N5,Noun,yuugata (å¤•æ–¹),evening; dusk,ğŸŒ†
N5,Noun,yuuhan (å¤•é£¯),evening meal,ğŸŒ†
N5,"Noun, Adjective, ãª-adjective",yuumei (æœ‰å),famous,â­
N5,Noun,zasshi (é›‘èªŒ),magazine,ğŸ“°
N5,"Noun, Adverbial Noun",zenbu (å…¨éƒ¨),all,ğŸ’¯
N5,Noun,zero (ã‚¼ãƒ­),zero,0ï¸âƒ£
N5,"Noun, Katakana",zubon (ã‚ºãƒœãƒ³),trousers; pants,ğŸ‘–
